,Unnamed: 0,Unnamed: 0.1,Unnamed: 0.1.1,Unnamed: 0.1.1.1,Listing,Location,Address1,Address2,Address3,Price,Arrangement,Num_Bedrm,Num_Bathrm,Area,Condominium,Neighborhood_Rating,Gymnasium,CCTV,Utility room,Indoor Pool,Air conditioning,Alarm System,Amphitheater,Balcony,Bar,Basement Parking,Billiards table,Broadband internet available,Built-in wardrobes,Business Center,Central air conditioning,Clinic,Club House,Drying Area,Elevators,Ensuite,Entertainment room,Fire exits,Fitness center,Floorboards,Function Room,Game Room,Gas heating,Gym,Health Club,Hydronic heating,Indoor spa,Indoor Tree House,Intercom,Jacuzzi,Laundry Area,Lobby,Lounge,Maids Room,Meeting rooms,Multi-Purpose Hall,Open fireplace,Pay TV access,Powder room,Reception Area,Sauna,Shower rooms,Sky lounge,Smoke detector,Social hall,Split-system heating,Study room,Theater,Wi-Fi,Daycare Center,Fire Alarm,Fire sprinkler system,Courtyard,Sauna.1,Library,Function area,Pond,Helipad,Open space,24-hour security,Drying area,Gazebos,Spa,Shops,Study area,Golf Area,Badminton court,Balcony.1,Basketball court,Carport,Clubhouse,Deck,Fully fenced,Garage,Garden,Gazebo,Health Club.1,Jacuzzi.1,Jogging path,Landscaped Garden,Multi-purpose lawn,Open car spaces,Outdoor spa,Parking lot,Parks,Playground,Pool bar,Remote garage,Secure parking,Shower rooms.1,Sports facilities,Swimming pool,Tennis court
0,0,0,0,0,"2 Bedroom 75sqm Condo unit for rent in Eisenhower, Greenhills, San Juan","Philippines, 1504, San Juan, Eisenhower Greenhills, San Juan",Metro Manila,San Juan,Greenhills,"₱ 45,000",Monthly,2,2,75.0,The Eisenhower Condominium,4.91,0,0,0,0,0,0,0,0,0,0,0,0,0,0,0,0,0,0,1,0,0,1,0,0,0,0,0,0,0,0,0,0,0,0,0,1,0,0,0,0,0,0,0,0,0,0,0,0,0,0,0,0,0,0,0,0,0,0,0,0,0,0,0,1,0,0,0,0,0,0,0,0,0,0,0,0,0,0,0,0,0,0,0,0,0,0,0,0,0,0,0,0,0,0,0,0,0
1,1,1,1,1,"3-Bedroom 240sqm Penthouse condo unit for rent in Eisenhower, Greenhills, SJ","eisenhower condominium, eisenhower st., greenhills, san juan 1503, metro manila, philippines Greenhills, San Juan",Metro Manila,San Juan,Greenhills,"₱ 110,000",Monthly,3,3,240.0,The Eisenhower Condominium,4.91,0,0,0,0,0,0,0,0,0,0,0,0,0,0,0,0,0,0,1,0,0,0,0,0,0,0,0,0,0,0,0,0,0,0,0,1,0,0,0,0,0,0,0,0,0,0,0,0,0,0,0,0,0,0,0,0,0,0,0,0,0,0,0,1,0,0,0,0,0,0,0,0,0,0,0,0,0,0,0,0,0,0,0,0,0,0,0,0,0,0,0,0,0,0,0,0,0
2,2,2,2,2,Fully furnished Studio Unit with nice view in Greenhills,"Philippines, San Juan, Greenhills, Annapolis Greenhills, San Juan",Metro Manila,San Juan,Greenhills,"₱ 35,000",Monthly,1,1,30.0,Swire Elan Suites,4.91,1,0,0,0,1,0,0,0,0,0,0,0,1,0,0,0,0,0,1,0,0,0,0,0,0,0,0,1,0,0,0,0,0,0,0,0,0,0,0,0,0,0,0,0,0,0,0,0,0,0,0,0,0,0,0,0,0,0,0,0,0,0,0,1,0,0,0,1,0,0,0,0,0,0,0,0,0,0,0,0,0,0,0,0,0,0,0,0,0,0,0,0,0,0,0,1,0
3,3,3,3,3,Viridian Fully Furnished 2 Bedroom Unit in Greenhills San Juan,"Greenhills, San Juan",Metro Manila,San Juan,Greenhills,"₱ 120,000",Monthly,2,3,144.0,Viridian in Greenhills,4.91,1,1,1,0,1,0,0,1,0,1,0,0,1,1,1,0,1,0,1,0,1,0,0,0,1,1,0,0,0,0,0,0,1,0,1,0,0,0,0,0,0,0,1,0,1,1,0,1,1,0,1,0,0,0,1,1,0,1,0,1,0,0,1,1,0,0,0,0,0,0,0,1,0,0,0,0,0,0,1,0,0,0,0,1,0,0,0,1,0,0,0,0,0,1,0,1,0
4,4,4,4,4,For Lease: Viridian Luxury Studio Fully Furnished with Parking,"Greenhills, San Juan",Metro Manila,San Juan,Greenhills,"₱ 45,000",Monthly,1,1,43.0,Viridian in Greenhills,4.91,0,1,0,0,1,1,0,1,0,0,0,0,0,0,0,0,0,0,1,0,0,1,1,0,1,0,0,1,0,0,0,0,0,0,0,0,1,0,0,0,0,0,0,1,0,0,0,0,0,0,0,0,0,0,1,1,0,0,0,1,0,0,1,1,0,0,0,0,0,0,0,1,0,0,0,0,1,0,1,0,0,0,0,1,0,0,0,0,1,1,0,0,1,0,0,1,0
5,5,5,5,5,One Wilson Square 2 bedroom for rent,"Greenhills, San Juan",Metro Manila,San Juan,Greenhills,"₱ 80,000",Monthly,2,0,85.0,One Wilson Square,4.91,0,0,0,0,0,1,0,0,0,0,0,0,0,0,0,0,0,0,1,0,0,1,0,0,0,0,0,0,0,0,0,0,0,0,0,1,0,0,0,0,0,0,0,0,0,0,0,0,0,0,0,0,0,0,0,0,0,0,0,0,0,0,0,1,0,0,0,0,0,0,0,0,0,0,0,0,0,0,0,0,0,0,0,0,0,0,0,0,0,0,0,0,0,0,0,1,0
6,6,6,6,6,LPL Greenhills Condo for Rent! 2BR 3BR Available,"17 Eisenhower, San Juan, 1503 Metro Manila Greenhills, San Juan",Metro Manila,San Juan,Greenhills,"₱ 55,000",Monthly,3,2,159.0,LPL Greenhills Condominium,4.91,0,0,0,0,1,0,0,0,1,0,0,0,1,0,0,0,0,0,1,0,1,0,0,0,0,0,0,0,0,0,0,0,0,0,1,1,0,1,0,0,0,0,0,0,0,0,0,0,0,0,0,0,0,0,1,1,0,0,0,0,0,0,0,0,0,0,0,0,0,0,0,0,0,0,0,0,0,0,0,0,0,0,0,0,0,0,0,0,0,0,0,0,0,0,0,0,0
7,7,7,7,7,"3 Bedrooms Condominium Unit for Lease in Greenhills, San Juan","Greenhills, San Juan",Metro Manila,San Juan,Greenhills,"₱ 85,000",Monthly,3,3,312.5,The Eisenhower Condominium,4.91,0,0,0,0,0,1,0,0,0,0,0,0,0,0,0,0,0,0,1,0,0,1,0,0,0,0,0,0,0,0,0,0,0,0,0,1,0,0,0,0,0,0,0,0,0,0,0,0,0,0,0,0,0,0,0,0,0,0,0,0,0,0,0,1,0,0,0,0,0,0,0,0,0,0,0,0,0,0,0,0,0,0,0,0,0,0,0,0,0,0,0,0,0,0,0,1,0
8,8,8,8,8,Spacious 3bedroom 2 bathroom with maids room,"Annapolis St Greenhills, San Juan",Metro Manila,San Juan,Greenhills,"₱ 50,000",Monthly,3,2,179.0,Goldhill Tower,4.91,0,0,1,0,1,0,0,0,0,0,0,0,0,0,0,0,0,0,0,1,0,0,0,0,0,0,0,0,0,0,0,0,0,0,0,1,0,1,0,0,0,0,0,0,0,0,0,0,0,0,0,0,0,0,1,1,0,0,0,0,0,0,0,0,0,0,0,0,0,0,0,0,0,0,0,0,0,0,0,0,0,0,0,0,0,0,0,0,0,0,0,0,0,0,0,0,0
9,9,9,9,9,"For lease: Platinum 1000, Greenhills - 3 bedroom","Greenhills, San Juan",Metro Manila,San Juan,Greenhills,"₱ 45,000",Monthly,3,2,200.0,Platinum 1000,4.91,0,0,0,0,0,1,0,0,0,0,0,0,0,0,0,0,0,0,1,0,0,1,0,0,0,0,0,0,0,0,0,0,0,0,0,1,0,0,0,0,0,0,0,0,0,0,0,0,0,0,0,0,0,0,0,0,0,0,0,0,0,0,0,1,0,0,0,0,0,0,0,0,0,0,0,0,0,0,0,0,0,0,0,0,0,0,0,0,0,0,0,0,0,0,0,1,0
10,10,10,10,10,1 Bedroom with free parking at Cortijos Condominium,"Philippines, San Juan, Eisenhower 25 Greenhills, San Juan",Metro Manila,San Juan,Greenhills,"₱ 19,000",Monthly,1,1,60.0,Cortijos Condominium,4.91,0,1,0,0,1,0,0,0,0,1,0,0,0,0,0,0,0,0,1,0,0,1,0,0,0,0,0,0,0,0,0,0,0,0,0,0,0,0,0,0,0,0,0,0,0,0,0,0,0,0,0,0,1,0,1,1,0,0,0,0,0,0,0,1,0,0,0,0,0,0,0,0,0,0,0,0,0,0,0,0,0,0,0,0,0,1,0,1,0,0,0,0,1,0,0,0,0
11,11,11,11,11,"3BR Condo unit in Royal View Mansion, San Juan area for rent","Philippines, San Juan, Corazon de Jesus, Lt. Artiaga St 242 Corazon de Jesus, San Juan",Metro Manila,San Juan,Corazon de Jesus,"₱ 35,000",Monthly,3,2,120.0,Royal View Mansion,5.0,0,0,0,0,0,1,0,1,0,0,0,0,0,0,0,0,0,0,1,0,0,1,0,0,0,0,0,0,0,0,0,0,0,0,0,1,0,0,0,0,0,0,0,0,0,0,0,0,0,0,0,0,0,0,0,0,0,0,0,0,0,0,0,1,0,0,0,0,0,0,0,1,0,0,0,0,0,0,0,0,0,0,0,0,0,0,0,0,0,0,0,0,0,0,0,1,0
12,12,12,12,12,"3 Bedrooms For Rent in Goldland Plaza, San Juan","Greenhills, San Juan",Metro Manila,San Juan,Greenhills,"₱ 48,000",Monthly,3,2,135.0,Goldland Plaza,4.91,0,0,0,0,0,0,0,0,0,0,0,0,0,0,0,0,0,0,0,0,0,0,0,0,0,0,0,0,0,0,0,0,0,0,0,0,0,0,0,0,0,0,0,0,0,0,0,0,0,0,0,0,0,0,0,0,0,0,0,0,0,0,0,0,0,0,0,0,0,0,0,0,0,0,0,0,0,0,0,0,0,0,0,0,0,0,0,1,0,0,0,0,0,0,0,0,0
13,13,13,13,13,Fully Furnished 2-BR Unit w/ Parking For Rent in Greenhills,"#49 Annapolis Street Greenhills, San Juan",Metro Manila,San Juan,Greenhills,"₱ 45,000",Monthly,2,2,88.0,Swire Elan Suites,4.91,0,1,1,0,1,1,0,0,1,1,1,0,1,0,0,0,0,0,1,1,0,1,0,0,1,1,0,1,0,0,0,0,0,1,0,1,0,0,0,1,0,0,0,1,0,1,0,1,0,0,0,0,0,0,1,1,0,0,0,1,0,0,0,1,0,0,1,1,0,0,0,0,0,0,0,1,0,0,0,0,0,1,0,0,0,0,0,1,0,0,1,0,1,1,0,1,0
14,14,14,14,14,For Rent: 81 Xavier Residence 2-Bedroom Condo in Greenhills San Juan,"Greenhills, San Juan",Metro Manila,San Juan,Greenhills,"₱ 50,000",Monthly,2,2,120.0,81 Xavier Residences,4.91,0,0,0,0,0,0,0,0,0,0,0,0,0,0,0,0,0,0,1,0,0,0,0,0,0,0,0,1,0,0,0,0,0,1,0,1,1,0,0,0,0,0,0,0,0,0,0,0,0,0,0,0,0,0,0,0,0,0,0,0,0,0,0,1,0,0,0,0,0,0,0,0,0,0,0,0,0,0,0,0,0,1,0,0,0,0,0,0,0,1,0,0,0,0,0,1,0
15,15,15,15,15,The Viridian Greenhills 3 bedroom condominium,"Unit 48G The Viridian Greenhills Maytunas, San Juan",Metro Manila,San Juan,Maytunas,"₱ 100,000",Monthly,2,2,130.0,The Viridian Greenhills,4.91,1,1,1,0,0,0,0,1,0,1,0,0,0,1,0,0,0,0,1,0,0,1,1,0,1,0,0,1,1,0,0,0,0,0,0,1,0,0,1,1,0,0,0,0,0,0,0,1,1,0,0,0,0,1,1,1,0,0,0,0,0,0,0,0,0,0,1,0,0,0,0,1,0,0,0,0,0,0,0,0,1,0,1,1,0,0,0,0,0,0,0,0,0,0,0,1,0
16,16,16,16,16,"FOR RENT: Fully Furnished Studio Unit at Swire Elan Suites, Greenhills","Philippines, Metro Manila, San Juan, Greenhills, Annapolis Greenhills, San Juan",Metro Manila,San Juan,Greenhills,"₱ 25,000",,1,1,40.0,Swire Elan Suites,4.91,0,0,0,0,0,0,0,0,0,0,0,0,0,0,0,0,0,0,0,0,0,0,0,0,1,1,0,1,0,0,0,0,0,1,0,0,0,0,0,0,0,0,0,0,0,0,0,0,0,0,0,0,0,0,0,0,0,0,0,1,0,0,0,0,0,0,1,0,0,0,0,0,0,0,0,0,0,0,0,0,0,1,0,0,0,0,0,0,0,0,0,0,0,0,0,1,0
17,17,17,17,17,Studio Unit for rent near Greenhills,"Greenhills, San Juan",Metro Manila,San Juan,Greenhills,"₱ 20,000",Monthly,1,1,32.0,Tiffany Mansion,4.91,1,0,0,0,1,0,0,1,0,0,0,0,0,0,0,0,0,1,1,0,0,1,1,0,1,0,0,1,0,0,0,0,0,0,1,0,0,0,0,0,0,0,0,0,0,1,0,0,0,0,0,0,0,0,1,1,0,0,0,0,0,0,0,0,0,0,0,0,0,0,0,1,0,0,0,0,0,0,0,0,0,0,0,0,0,0,0,0,0,0,1,0,1,1,0,1,0
18,18,18,18,18,2 BR with balcony at Vazquez Madrigal Plaza,"#51 Annapolis street, Greenhills, San Juan City Greenhills, San Juan",Metro Manila,San Juan,Greenhills,"₱ 40,000",Monthly,2,3,130.6,Vazquez Madrigal Plaza,4.91,0,0,0,0,0,0,0,0,0,1,0,0,0,0,0,0,0,0,1,0,0,1,0,0,0,0,0,0,0,0,0,0,0,0,0,1,0,0,0,0,0,0,0,0,0,0,0,0,0,0,0,0,0,0,0,0,0,0,0,0,0,0,0,1,0,0,0,0,0,0,0,0,0,0,0,0,0,0,0,0,0,0,0,0,0,0,0,0,0,0,0,0,1,0,0,0,0
19,19,19,19,19,3 BR Condo for Rent in San Juan City,"Greenhills, San Juan",Metro Manila,San Juan,Greenhills,"₱ 50,000",Monthly,3,3,174.0,Goldland Tower,4.91,0,0,0,0,0,1,0,0,0,0,0,0,0,0,0,0,0,0,1,0,0,1,0,0,0,0,0,0,0,0,0,0,0,0,0,1,0,0,0,0,0,0,0,0,0,0,0,0,0,0,0,0,0,0,0,0,0,0,0,0,0,0,0,1,0,0,0,0,0,0,0,0,0,0,0,0,0,0,0,0,0,0,0,0,0,0,0,0,0,0,0,0,0,0,0,1,0
20,20,20,20,20,2 Bedroom Condominium for rent in Greenhills San Juan City Metro Manila,"Philippines, San Juan, Greenhills Greenhills, San Juan",Metro Manila,San Juan,Greenhills,"₱ 55,000",Monthly,2,2,128.0,el,4.91,0,0,0,0,0,0,0,0,0,0,0,0,1,0,0,0,0,0,1,0,0,0,0,0,0,0,0,1,0,0,0,0,0,0,1,1,0,0,0,0,0,0,0,0,0,0,0,0,0,0,0,0,0,0,0,0,0,0,0,1,0,0,0,1,0,0,0,0,0,0,0,0,0,0,0,0,0,0,0,0,0,0,0,0,0,0,0,0,0,0,0,0,0,0,0,1,0
21,21,21,21,21,"2 Bedroom 1 Bathroom Eisenhower, San Juan Greenhills","Greenhills, San Juan",Metro Manila,San Juan,Greenhills,"₱ 55,000",Monthly,2,2,98.0,Eisenhower Condominium,4.91,0,0,0,0,1,0,0,1,0,0,0,0,0,0,0,0,0,0,0,0,0,1,0,0,0,0,0,0,0,0,0,0,0,0,0,1,0,0,0,0,0,0,0,0,0,0,0,0,0,0,0,0,0,0,0,0,0,0,0,0,0,0,0,1,0,0,0,0,0,0,0,1,0,0,0,0,0,0,0,0,0,0,0,0,0,0,0,1,0,0,0,0,0,0,0,0,0
22,22,22,22,22,San Juan 3 beds 2 baths for rent,"Greenhills, San Juan",Metro Manila,San Juan,Greenhills,"₱ 80,000",Monthly,3,2,170.0,Goldhill Tower,4.91,0,0,0,0,1,0,0,1,0,1,0,0,1,0,0,0,0,0,1,1,0,0,0,0,0,0,0,0,0,0,0,0,0,0,1,0,0,0,0,0,0,0,0,0,0,0,0,0,0,0,0,0,0,0,0,0,0,0,0,0,0,0,0,0,0,0,0,0,0,0,0,1,0,0,0,0,0,0,0,0,0,0,0,0,0,0,0,0,0,0,0,0,0,0,0,0,0
23,23,23,23,23,"Annapolis Wilshire Plaza Condo, 87.5 sqm with 3 bedrooms 3 T&B","Annapolis Wilshire Plaza Condominium, Greenhills, Annapolis, San Juan, NCR, Philippines Greenhills, San Juan",Metro Manila,San Juan,Greenhills,"₱ 35,000",,3,3,88.0,Annapolis Wilshire Plaza,4.91,0,0,0,1,0,0,0,0,0,0,0,0,0,0,0,0,0,0,0,0,0,0,0,0,0,0,0,1,0,0,0,0,0,0,0,0,0,0,0,0,0,0,0,0,1,0,0,0,0,0,0,0,0,0,0,0,0,1,0,0,0,0,0,1,0,0,0,0,0,0,0,0,0,0,0,0,0,0,0,0,0,0,0,0,0,0,0,1,0,0,0,0,1,0,0,0,0
24,24,24,24,24,2BR for rent at Viridian in greenhills,"Philippines, 1503, San Juan, Connecticut St Greenhills, San Juan",Metro Manila,San Juan,Greenhills,"₱ 165,000",Monthly,2,2,152.0,Viridian in Greenhills,4.91,1,0,0,0,0,0,0,0,0,0,0,0,0,0,0,0,0,0,1,0,0,1,1,0,0,0,0,0,0,0,0,0,0,0,0,0,0,0,0,0,0,0,0,0,0,0,0,0,0,0,0,0,0,0,0,0,0,0,0,0,0,0,1,1,0,0,0,0,0,0,0,0,0,0,0,0,0,0,0,0,0,0,0,0,0,0,0,0,0,0,0,0,0,0,0,1,0
25,25,25,25,25,For rent studio unit at Greenhills Shopping Center,"Annapolis St. Greenhills, San Juan",Metro Manila,San Juan,Greenhills,"₱ 25,000",Monthly,1,1,20.0,Chimes Greenhills,4.91,0,0,0,0,0,1,0,0,0,1,0,0,0,0,0,0,0,0,1,0,0,1,1,0,1,0,0,0,0,0,0,0,0,0,0,0,0,0,0,0,0,0,0,1,0,0,0,1,0,0,0,1,0,0,1,1,0,0,0,0,0,0,0,1,0,0,0,0,0,0,0,0,0,0,0,0,0,0,0,0,0,0,0,0,0,0,0,0,0,0,0,0,1,0,0,1,0
26,26,26,26,26,Semi Furnished 2 bedroom Unit at Viridian Greenhills up for Lease,"Greenhills, San Juan",Metro Manila,San Juan,Greenhills,"₱ 80,000",Monthly,2,2,121.0,Viridian in Greenhills,4.91,0,1,0,0,0,1,0,0,0,0,1,0,0,0,0,0,0,0,1,0,1,1,1,0,1,1,0,0,0,0,0,0,0,0,0,1,0,0,0,0,0,0,0,1,0,0,0,0,1,0,0,0,0,0,1,1,0,0,0,0,0,0,0,1,0,0,0,0,0,0,0,0,0,0,0,0,0,0,0,0,0,0,0,0,0,0,0,0,0,0,0,0,0,0,1,1,0
27,27,27,27,27,Baron 3 Gardens 1 Bedroom for lease Brand New,"san juan Addition Hills, San Juan",Metro Manila,San Juan,Addition Hills,"₱ 30,000",,1,1,46.0,Baron 3 Gardens,4.51,0,1,0,0,1,0,0,1,0,0,0,0,1,0,0,0,0,0,1,0,0,0,1,0,1,0,0,1,0,0,0,0,0,0,0,1,0,0,0,0,0,0,0,1,0,0,1,0,0,0,0,0,0,0,0,0,0,0,0,1,0,0,0,1,0,0,0,0,0,0,0,1,0,0,0,0,0,0,0,0,0,0,0,0,0,0,0,0,0,0,0,0,0,0,0,1,0
28,28,28,28,28,"For Rent: 2-BR, 81 Xavier Residences in San Juan","81 Xavier Street, San Juan Greenhills, San Juan",Metro Manila,San Juan,Greenhills,"₱ 50,000",Monthly,2,1,121.0,81 Xavier Residences,4.91,1,0,0,0,1,0,0,0,0,0,0,0,0,0,0,0,0,0,0,0,0,0,0,0,0,0,0,0,0,0,0,0,0,0,0,0,0,0,0,0,0,0,0,0,0,0,0,0,0,0,0,0,0,0,0,0,0,0,0,0,0,0,0,0,0,0,0,0,0,0,0,0,0,0,0,0,0,0,0,0,0,0,0,0,0,0,0,0,0,0,0,0,0,0,0,1,0
29,29,29,29,29,"The Viridian in Greenhills, 3 bedroom for rent","The Viridian Connecticut st. Cor. Missouri St. Greenhills San juan City Metro Manila Greenhills, San Juan",Metro Manila,San Juan,Greenhills,"₱ 170,000",Monthly,3,3,197.0,Viridian in Greenhills,4.91,1,1,1,0,1,1,0,1,0,1,0,0,0,0,0,0,0,0,1,0,1,1,1,0,1,0,1,1,0,0,0,0,0,0,0,1,1,1,1,1,0,0,0,1,1,1,1,1,0,0,1,0,0,1,1,0,0,1,0,0,0,0,0,1,0,0,0,0,0,0,0,1,0,0,0,0,0,0,0,0,0,0,1,0,0,0,0,1,0,1,0,0,1,1,0,1,0
30,30,30,30,30,Greenhills 3 Bedroom Condo Unit,"Connecticut Street and Missouri Street at Greenhills, San Juan City Greenhills, San Juan",Metro Manila,San Juan,Greenhills,"₱ 150,000",Monthly,3,3,143.0,Viridian in Greenhills,4.91,1,1,1,0,1,1,0,1,0,1,1,0,1,1,1,0,0,0,1,0,0,1,1,0,1,0,0,1,0,0,0,0,1,0,0,1,1,0,1,1,0,0,1,1,0,1,1,1,1,0,0,0,0,1,1,0,0,0,0,0,0,0,0,1,0,0,0,1,0,0,0,1,0,0,0,0,0,1,1,0,0,0,0,0,0,0,0,1,0,0,0,0,1,1,0,0,0
31,31,31,31,31,"Three Bedroom Condo Unit For Rent in Connecticut St, San Juan, Metro Manila","Greenhills, San Juan",Metro Manila,San Juan,Greenhills,"₱ 140,000",Monthly,3,3,127.0,Viridian in Greenhills,4.91,0,0,0,0,0,0,0,1,0,0,0,0,0,0,0,0,0,0,0,0,0,0,0,0,0,0,0,0,0,0,0,0,0,0,0,0,0,0,0,0,0,0,0,0,0,0,0,0,0,0,0,0,0,0,0,0,0,0,0,0,0,0,0,0,0,0,0,0,0,0,0,1,0,0,0,0,0,1,0,0,0,0,0,0,0,0,0,0,0,0,0,0,0,0,0,1,0
32,32,32,32,32,3 Bedroom Condominium For Rent In Greenhills San Juan City Metro Manila,"Philippines, San Juan, Greenhills Greenhills, San Juan",Metro Manila,San Juan,Greenhills,"₱ 59,000",Monthly,3,3,132.39,0,4.91,0,0,0,0,0,0,0,0,0,0,0,0,0,0,0,0,0,0,1,0,0,0,0,0,0,0,0,0,0,0,0,0,0,0,0,0,0,0,0,0,0,0,0,0,0,0,0,0,0,0,0,0,0,0,0,1,0,0,0,0,0,0,0,1,0,0,0,0,0,0,0,0,0,0,0,0,0,0,0,0,0,0,0,0,0,0,0,0,0,0,0,0,0,0,0,1,0
33,33,33,33,33,CONDO UNIT FOR RENT: Continental Plaza Condominiums (Greenhills San Juan),"Unit 207 Continental Plaza Condominiums 45 Annapolis street, Greenhills San Juan Greenhills, San Juan",Metro Manila,San Juan,Greenhills,"₱ 55,000",Monthly,2,4,133.36,Continental Plaza,4.91,0,0,0,0,0,0,0,0,0,0,0,0,0,0,0,0,0,0,0,0,0,0,0,0,0,0,0,0,0,0,0,0,0,0,0,0,0,0,0,0,0,0,1,0,0,0,0,0,0,0,0,0,0,0,0,0,0,0,0,0,0,0,0,0,0,0,0,0,0,0,0,0,0,0,0,0,0,0,0,0,0,0,0,0,0,0,0,0,0,0,0,0,0,0,0,0,0
34,34,34,34,34,For Rent!! 3 Bedroom Penthouse in The Viridian Greenhills,"Greenhills, San Juan",Metro Manila,San Juan,Greenhills,"₱ 260,000",Monthly,3,3,320.0,Viridian in Greenhills,4.91,0,1,1,1,1,1,0,1,0,1,1,1,0,0,0,0,1,0,1,0,1,1,0,0,1,1,0,1,0,0,0,0,0,0,0,0,0,1,0,0,0,0,0,0,0,1,0,1,0,0,0,0,0,0,1,1,0,0,0,0,0,0,1,1,0,1,0,0,0,0,0,1,0,0,0,0,0,0,0,0,0,0,0,0,0,0,0,0,0,0,0,0,1,1,0,1,0
35,35,35,35,35,"The Viridian in Greenhills, 43 sqm, Studio, furnished unit with balcony for rent","Connecticut street, Greenhills, San Juan, Metro Manila Greenhills, San Juan",Metro Manila,San Juan,Greenhills,"₱ 40,000",Monthly,1,1,43.0,Viridian in Greenhills,4.91,1,1,0,0,1,1,0,1,0,0,0,0,0,1,1,0,0,1,1,1,1,1,1,0,1,0,0,1,0,0,0,0,1,0,1,1,1,0,1,1,0,0,1,1,0,0,0,1,1,0,1,0,0,1,1,1,0,0,0,1,0,0,1,1,0,0,0,0,0,0,0,1,0,0,0,0,0,0,0,0,0,0,0,0,0,0,0,0,0,1,0,0,1,0,1,1,0
36,36,36,36,36,"Viridian in Greenhills, Fully Furnished 2-BR for Rent","Philippines, San Juan, Connecticut St Greenhills, San Juan",Metro Manila,San Juan,Greenhills,"₱ 140,000",Monthly,2,3,127.0,Viridian in Greenhills,4.91,1,1,1,1,1,1,1,1,1,1,1,1,1,1,1,1,1,1,1,1,1,1,1,1,1,1,1,1,1,1,1,1,1,1,1,1,1,1,1,1,1,1,1,1,1,1,1,1,1,1,1,1,1,1,1,1,1,1,1,1,1,1,1,1,1,1,1,1,1,1,1,1,1,1,1,1,1,1,1,1,1,1,1,1,1,1,1,1,1,1,1,1,1,1,1,1,1
37,37,37,37,37,2 bedroom condo-midrise building at the heart of 3 cities,"Addition Hills, San Juan",Metro Manila,San Juan,Addition Hills,"₱ 35,000",Monthly,2,2,76.0,Baron 3 Gardens,4.51,1,1,1,0,1,1,0,1,0,0,0,0,0,0,0,0,0,0,0,0,0,1,1,0,0,0,0,1,0,0,0,0,0,0,0,1,0,0,0,1,0,0,0,0,0,0,0,0,1,0,0,1,0,0,0,0,0,0,0,0,0,0,0,1,0,0,0,0,0,0,0,1,0,0,0,0,0,0,0,0,0,0,0,0,0,0,0,0,0,1,0,0,1,0,0,1,0
38,38,38,38,38,Greenhills Elan Hotel Studio for Rent,"Greenhills, San Juan",Metro Manila,San Juan,Greenhills,"₱ 23,000",Monthly,1,1,34.0,Swire Elan Suites,4.91,0,0,0,1,0,1,0,0,0,0,0,0,0,0,0,0,0,0,1,0,0,1,0,0,0,0,0,0,0,0,0,0,0,0,0,1,0,0,0,0,0,0,0,0,0,0,0,0,0,0,0,0,0,0,0,0,0,0,0,0,0,0,0,1,0,0,0,0,0,0,0,0,0,0,0,0,0,0,0,0,0,0,0,0,0,0,0,0,0,0,0,0,0,0,0,0,0
39,39,39,39,39,Studio Condo fully furnished centrally located at Greenhills Area,"49 Annapolis St Greenhills San Juan City Greenhills, San Juan",Metro Manila,San Juan,Greenhills,"₱ 25,000",Monthly,1,1,40.0,Swire Elan Suites,4.91,1,0,0,0,1,1,0,0,0,0,1,0,0,0,0,0,1,0,1,0,1,1,1,0,1,1,0,1,0,0,0,0,0,0,0,1,0,0,0,0,0,0,0,0,0,0,0,1,0,0,0,0,0,0,0,1,0,0,0,0,0,0,0,1,0,0,0,0,0,0,0,0,0,0,0,0,0,0,0,0,0,0,0,0,0,0,0,0,0,0,0,0,0,0,0,1,0
40,40,40,40,40,"Viridian Greenhills Condo, 3 bedroom Rental","Philippines, Metro Manila, 1502, San Juan, Connecticut St Greenhills, San Juan",Metro Manila,San Juan,Greenhills,"₱ 150,000",Yearly,3,2,142.0,Viridian in Greenhills,4.91,0,0,0,0,1,0,0,1,0,0,0,0,1,0,0,0,0,0,0,0,0,0,0,0,0,0,0,1,0,0,0,0,0,0,0,0,1,0,0,0,0,0,0,0,1,0,0,1,0,0,0,0,1,0,1,0,0,1,0,0,0,0,0,0,0,0,0,0,0,0,0,1,0,0,0,0,0,0,0,0,0,0,0,0,0,0,0,1,0,0,0,0,0,0,0,1,0
41,41,41,41,41,Condo Unit for rent at One Wilson,"One Wilson st. and ortigas Ave. San Juan Greenhills, San Juan",Metro Manila,San Juan,Greenhills,"₱ 40,000",Monthly,2,2,61.5,One Wilson Square,4.91,0,0,0,0,0,0,0,1,0,0,0,0,0,0,0,0,0,0,1,0,0,0,0,0,0,1,0,1,0,0,0,0,0,0,0,1,0,0,0,0,0,0,0,0,0,0,0,0,0,0,0,0,0,1,0,0,0,0,0,0,0,0,0,0,0,0,0,0,0,0,0,1,0,0,0,0,0,0,0,0,0,0,0,0,0,0,0,0,0,0,0,0,0,0,0,0,0
42,42,42,42,42,"Quaint nook in the heart of Greenhills, San Juan","Philippines, Metro Manila, San Juan Greenhills, San Juan",Metro Manila,San Juan,Greenhills,"₱ 25,000",Monthly,1,1,0.0,Swire Elan Suites,4.91,1,1,0,1,1,1,0,0,0,0,0,0,1,0,0,0,0,0,1,0,0,0,0,0,0,0,0,1,0,0,0,0,0,1,0,1,0,0,0,0,0,0,0,0,0,0,0,0,0,0,0,0,1,0,1,0,0,0,0,0,0,0,0,1,0,0,0,1,0,0,0,0,0,0,0,1,0,0,0,0,0,1,0,0,0,0,1,0,0,0,0,0,0,0,1,1,0
43,43,43,43,43,1 Bedroom Condo in Annapolis Wilshire,"Annapolis Wilshire Greenhills, San Juan",Metro Manila,San Juan,Greenhills,"₱ 40,000",Monthly,1,2,37.79,Annapolis Wilshire Plaza,4.91,0,0,0,0,0,1,0,0,0,0,0,0,0,0,0,0,0,0,1,0,0,1,0,0,0,0,0,0,0,0,0,0,0,0,0,1,0,0,0,0,0,0,0,0,0,0,0,0,0,0,0,0,0,0,0,0,0,0,0,0,0,0,0,1,0,0,0,0,0,0,0,0,0,0,0,0,0,0,0,0,0,0,0,0,0,0,0,1,0,0,0,0,0,0,0,1,0
44,44,44,44,44,Wilshire Plaza Annapolis San Juan for Lease! 1 Bedroom,"Greenhills, San Juan",Metro Manila,San Juan,Greenhills,"₱ 32,000",Monthly,1,1,52.0,Annapolis Wilshire Plaza,4.91,0,0,0,0,0,0,0,0,0,0,0,0,0,0,0,0,0,0,0,0,0,0,0,0,0,0,0,0,0,0,0,0,0,0,0,0,0,0,0,0,0,0,0,0,0,0,0,0,0,0,0,0,0,0,0,0,0,0,0,0,0,0,0,0,0,0,0,0,0,0,0,0,0,0,0,0,0,1,0,0,0,0,0,0,0,0,0,0,0,0,0,0,0,0,0,1,0
45,45,45,45,45,for rent 1 bedroom in LPL Greenhills condominium,"17 Eisenhower St., Greenhills, San Juan Greenhills, San Juan",Metro Manila,San Juan,Greenhills,"₱ 23,000",Monthly,1,1,44.0,LPL Greenhills Condominium,4.91,0,0,0,0,0,1,0,0,0,0,0,0,0,0,0,0,0,0,1,0,0,1,0,0,0,0,0,0,0,0,0,0,0,0,0,0,0,0,0,0,0,0,0,0,0,0,0,0,0,0,0,0,0,0,0,0,0,0,0,0,0,0,0,1,0,0,0,0,0,0,0,0,0,0,0,0,0,0,0,0,0,0,0,0,0,0,0,0,0,0,0,0,1,0,0,0,0
46,46,46,46,46,"3-bedroom unit for rent in Viridian in Greenhills, San Juan","Greenhills, San Juan",Metro Manila,San Juan,Greenhills,"₱ 120,000",Monthly,3,3,135.0,Viridian in Greenhills,4.91,0,0,0,0,0,1,0,0,0,0,0,0,0,0,0,0,0,0,1,0,0,0,1,0,0,0,0,0,0,0,0,0,0,0,0,0,0,0,0,0,0,0,0,0,0,0,0,0,0,0,0,0,0,0,0,0,0,0,0,0,0,0,0,1,0,0,0,0,0,0,0,0,0,0,0,0,0,0,0,0,0,0,0,0,0,0,0,0,0,0,0,0,0,0,0,1,0
47,47,47,47,47,2BR Loft Type w/ lower flr. Split typer of air-condition and heater.,"Greenhills, San Juan",Metro Manila,San Juan,Greenhills,"₱ 60,000",Monthly,2,0,108.0,81 Xavier Residences,4.91,0,0,0,0,1,0,0,0,0,1,0,0,0,0,0,0,0,0,1,0,0,1,0,0,0,0,0,0,0,0,0,0,0,0,1,1,0,0,0,0,0,0,0,0,0,0,0,0,0,0,0,0,0,0,0,1,0,0,0,0,0,0,0,1,0,0,0,0,0,0,0,0,0,0,0,0,0,1,0,0,0,0,0,0,0,0,0,0,0,1,0,0,0,0,0,1,0
48,48,48,48,48,One Beverly Place Greenhills 3 Bedroom for Lease,"Greenhills, San Juan",Metro Manila,San Juan,Greenhills,"₱ 55,000",Monthly,3,3,180.0,One Beverly Place,4.91,1,0,0,1,1,0,0,0,0,0,0,0,0,0,0,0,0,0,1,0,0,1,0,0,0,0,0,0,0,0,0,0,1,0,0,1,1,0,0,0,0,0,0,0,0,0,0,0,0,0,0,0,0,0,0,0,0,0,0,0,0,0,0,0,0,0,0,0,0,0,0,0,0,0,0,0,0,0,0,0,0,0,0,0,0,0,0,0,0,0,0,0,0,0,0,0,0
49,49,49,49,49,"For Rent: Brand new 3BR Suite at The Viridian in Greenhills, San Juan","Philippines, 1503, San Juan, Connecticut St Greenhills, San Juan",Metro Manila,San Juan,Greenhills,"₱ 200,000",Monthly,3,4,200.0,Viridian in Greenhills,4.91,0,0,0,0,1,0,0,1,0,1,0,0,0,1,0,0,0,0,0,0,0,0,1,0,0,0,0,1,0,0,0,0,0,0,0,1,1,0,0,0,0,0,0,0,0,0,0,0,0,0,0,0,0,0,0,0,0,0,0,0,0,0,0,0,0,0,0,0,0,0,0,1,0,0,0,0,0,0,0,0,0,0,0,0,0,0,0,0,0,0,0,0,0,0,0,1,0
50,50,50,50,50,"FOR LEASE Residential Unit Chimes Greenhills Annapolis St, Greenhills, San Ju","Greenhills, San Juan",Metro Manila,San Juan,Greenhills,"₱ 50,000",Monthly,1,1,38.0,Chimes Greenhills,4.91,1,1,0,0,1,1,0,0,0,0,0,0,0,0,0,0,0,0,1,0,0,1,0,0,0,0,0,0,0,0,0,0,0,0,0,1,0,0,0,0,0,0,0,1,0,0,0,0,0,0,0,0,0,0,1,1,0,0,0,0,0,0,0,1,0,0,0,0,0,0,0,0,0,0,0,0,0,0,0,0,0,0,0,0,0,0,0,1,0,0,0,0,0,0,0,0,0
51,51,51,51,51,81 Xavier 2BR Facing Xavier 20th Floor for Lease,"81 Xavier St, Greenhills, San Juan Greenhills, San Juan",Metro Manila,San Juan,Greenhills,"₱ 55,000",,2,3,98.0,81 Xavier Residences,4.91,0,0,0,0,1,0,0,0,0,1,0,0,0,0,0,0,0,0,1,0,0,0,0,0,0,0,0,0,0,0,0,0,0,0,1,1,0,1,0,0,0,0,0,0,0,0,0,0,0,0,0,0,0,1,0,1,0,0,0,0,0,0,0,1,0,0,0,0,0,0,0,0,0,0,0,0,0,1,0,0,0,0,0,0,0,0,0,0,0,1,0,0,0,0,0,1,0
52,52,52,52,52,2-bedroom condo in the heart of 3 cities,"194 A. Mabini Street, San Juan Addition Hills, San Juan",Metro Manila,San Juan,Addition Hills,"₱ 38,000",,2,2,73.0,Baron 3 Gardens,4.51,0,1,0,0,0,1,0,1,0,1,0,0,0,0,0,0,0,0,1,0,0,1,0,0,0,0,0,1,0,0,0,0,1,0,0,1,0,0,0,0,0,0,0,1,0,0,0,1,1,0,0,0,0,0,1,1,0,0,0,0,0,0,0,0,0,0,0,0,0,0,0,1,0,0,0,0,0,0,0,0,0,0,0,0,0,0,0,0,0,0,0,0,0,0,0,1,0
53,53,53,53,53,"For Rent: Brand New Studio Unit at The Viridian in Greenhills, San Juan","Greenhills, San Juan",Metro Manila,San Juan,Greenhills,"₱ 55,000",Monthly,1,1,48.0,Viridian in Greenhills,4.91,0,0,0,0,0,0,0,0,0,0,0,0,0,0,0,0,0,0,1,0,0,1,0,0,0,1,0,0,0,0,0,0,0,0,0,1,1,0,0,0,0,0,0,0,0,0,0,0,0,0,0,0,0,1,0,0,0,0,0,0,0,0,0,1,0,0,0,0,0,0,0,0,0,0,0,0,0,0,1,0,0,0,0,0,0,0,0,1,0,0,0,0,0,0,0,1,0
54,54,54,54,54,"77SQM. Eisenhower Condo, Greenhills","Philippines, San Juan, Eisenhower Greenhills, San Juan",Metro Manila,San Juan,Greenhills,"₱ 55,000",Monthly,2,2,77.0,The Eisenhower Condominium,4.91,0,0,0,0,0,0,0,0,0,1,0,0,0,0,0,0,0,1,1,0,0,1,0,0,0,0,0,0,0,0,0,0,0,0,1,1,0,0,0,0,0,0,0,0,0,0,0,0,0,0,0,0,0,0,0,0,0,0,0,0,0,0,0,1,0,0,0,0,0,0,0,0,0,0,0,0,0,0,0,0,0,0,0,0,0,0,0,0,0,0,0,0,0,0,0,0,0
55,55,55,55,55,2 BR in Eisenhower Condominium Greenhills,"Eisenhower Condominium Greenhills, San Juan Greenhills, San Juan",Metro Manila,San Juan,Greenhills,"₱ 40,000",Monthly,2,2,77.0,The Eisenhower Condominium,4.91,0,1,0,0,0,1,0,0,0,0,0,0,0,0,0,0,0,0,1,0,0,1,0,0,0,0,0,0,0,0,0,0,0,0,0,0,0,0,0,0,0,0,0,0,0,0,0,0,0,0,0,0,0,0,1,0,0,0,0,0,0,0,0,1,0,0,0,0,0,0,0,0,0,0,0,0,0,0,0,0,0,0,0,0,0,0,0,0,0,0,0,0,0,0,0,0,0
56,56,56,56,56,Viridian in Greenhills 3BR Corner Unit for Rent,"Greenhills, San Juan",Metro Manila,San Juan,Greenhills,"₱ 120,000",Monthly,3,2,143.0,Viridian in Greenhills,4.91,0,1,1,0,1,1,0,1,0,0,0,0,1,0,0,0,0,0,1,0,0,1,0,0,0,0,0,1,0,0,0,0,0,0,0,0,0,1,0,0,0,0,0,0,0,0,0,1,0,0,0,0,0,0,1,1,0,0,0,0,0,0,0,1,0,0,0,0,0,0,0,1,0,0,0,0,0,0,0,0,0,0,0,1,0,0,0,0,0,0,0,0,0,0,0,1,0
57,57,57,57,57,"Spacious Condominium (Balcony View) for Rent at the heart of Wilson, San Juan","Philippines, San Juan, Greenhills, Wilson St Greenhills, San Juan",Metro Manila,San Juan,Greenhills,"₱ 65,000",Monthly,2,2,102.0,0,4.91,0,1,1,0,0,0,0,0,0,1,0,0,0,0,0,0,0,1,1,0,0,1,1,0,1,0,0,1,1,0,0,0,0,0,0,0,0,1,0,0,0,0,0,1,0,0,0,1,0,0,0,0,0,0,1,1,0,0,0,0,0,0,0,0,0,0,0,0,0,0,0,0,0,0,0,0,0,0,0,0,1,0,0,0,0,0,0,0,0,0,0,0,0,0,0,0,0
58,58,58,58,58,"MJU – For Lease: 2 Bedroom in One Wilson Place Greenhills, San Juan","Greenhills, San Juan",Metro Manila,San Juan,Greenhills,"₱ 50,000",Monthly,2,2,61.5,One Wilson Square,4.91,0,0,0,0,0,0,0,0,0,1,0,0,0,1,0,0,0,0,0,0,0,0,1,0,0,0,0,0,0,0,0,0,0,0,0,0,0,0,0,1,0,0,0,0,0,0,0,0,0,0,0,0,0,0,0,0,0,0,0,0,0,0,0,1,0,0,0,1,0,0,0,0,0,0,0,0,0,0,0,0,0,0,0,0,1,0,0,0,0,0,0,0,0,0,0,1,0
59,59,59,59,59,45 sqm 1-Bedroom Condo unit For Rent in Greenhills,"Greenhills, San Juan",Metro Manila,San Juan,Greenhills,"₱ 27,500",Monthly,1,1,45.0,LPL Condominium,4.91,0,0,0,0,0,0,0,0,0,0,0,0,0,0,0,0,0,0,0,0,0,0,0,0,1,0,0,1,0,0,0,0,0,0,0,0,0,0,0,0,0,0,0,0,0,0,0,0,0,0,0,0,0,0,0,0,0,0,0,0,0,0,0,1,0,0,0,0,0,0,0,0,0,0,0,0,0,0,0,0,0,0,0,0,0,0,0,0,0,1,0,0,0,0,0,1,0
60,60,60,60,60,Wilshire Plaza Annapolis San Juan for Lease! 1 Bedroom,"Greenhills, San Juan",Metro Manila,San Juan,Greenhills,"₱ 32,000",Monthly,1,1,52.0,Annapolis Wilshire Plaza,4.91,0,0,0,0,0,0,0,0,0,0,0,0,0,0,0,0,0,0,0,0,0,0,0,0,0,0,0,0,0,0,0,0,0,0,0,0,0,0,0,0,0,0,0,0,0,0,0,0,0,0,0,0,0,0,0,0,0,0,0,0,0,0,0,0,0,0,0,0,0,0,0,0,0,0,0,0,0,1,0,0,0,0,0,0,0,0,0,0,0,0,0,0,0,0,0,1,0
61,61,61,61,61,1 Bedroom in Greenhills Elan Hotel for rent,"Philippines, San Juan, Greenhills, Annapolis Greenhills, San Juan",Metro Manila,San Juan,Greenhills,"₱ 45,000",Monthly,1,1,70.0,Swire Elan Suites,4.91,1,1,0,0,1,0,0,0,0,1,0,0,1,1,0,0,0,0,1,0,0,0,1,0,1,0,0,0,0,0,0,0,0,0,0,0,0,0,0,0,0,0,0,0,0,0,0,0,0,0,0,0,1,0,0,0,0,0,0,0,0,0,0,1,0,0,0,0,0,0,0,0,0,0,0,0,0,0,0,0,0,0,0,0,0,0,0,0,0,0,0,0,0,0,0,1,0
62,62,62,62,62,"Three Bedroom Condo Unit For Rent in Connecticut St, San Juan, Metro Manila","Greenhills, San Juan",Metro Manila,San Juan,Greenhills,"₱ 140,000",Monthly,3,3,127.0,Viridian in Greenhills,4.91,0,0,0,0,0,0,0,1,0,0,0,0,0,0,0,0,0,0,0,0,0,0,0,0,0,0,0,0,0,0,0,0,0,0,0,0,0,0,0,0,0,0,0,0,0,0,0,0,0,0,0,0,0,0,0,0,0,0,0,0,0,0,0,0,0,0,0,0,0,0,0,1,0,0,0,0,0,1,0,0,0,0,0,0,0,0,0,0,0,0,0,0,0,0,0,1,0
63,63,63,63,63,"2BR, 81 Xavier Residences, Fully Furnished","Philippines, San Juan, Greenhills, Xavier 81 Greenhills, San Juan",Metro Manila,San Juan,Greenhills,"₱ 55,000",Yearly,2,2,89.0,81 Xavier Residences,4.91,0,1,0,0,1,1,0,0,0,0,0,0,0,0,0,0,1,0,0,0,0,1,1,0,0,0,0,0,0,0,0,0,0,0,0,0,0,0,0,0,0,0,0,0,0,0,0,0,0,0,0,0,0,0,0,0,0,0,0,0,0,0,0,0,0,0,0,0,0,0,0,0,0,0,0,0,0,0,0,0,0,0,0,0,0,0,0,0,0,0,0,0,0,0,0,1,0
64,64,64,64,64,Spacious 2 Bedroom unit in The Viridian Greenhills for Rent,"Greenhills, San Juan",Metro Manila,San Juan,Greenhills,"₱ 115,000",Monthly,2,2,142.0,Viridian in Greenhills,4.91,1,1,1,1,1,1,0,1,0,1,0,1,1,1,0,0,0,0,1,1,1,1,1,0,1,1,0,1,0,0,0,0,1,0,0,1,1,1,1,1,0,0,1,1,0,1,0,1,0,0,0,0,0,1,1,1,0,0,0,0,0,0,0,1,0,0,0,0,0,0,0,1,0,1,0,0,0,0,0,0,0,0,0,0,0,1,0,1,0,1,0,0,1,1,0,1,0
65,65,65,65,65,"For Lease One Wilson Place, 2 Bedroom Unit in San Juan","Greenhills, San Juan",Metro Manila,San Juan,Greenhills,"₱ 60,000",Monthly,2,2,100.88,One Wilson Place,4.91,0,1,0,0,1,1,0,1,0,0,0,0,0,0,0,0,0,0,1,0,0,1,0,0,1,0,0,1,0,0,0,0,0,0,0,1,1,0,0,0,0,0,0,1,0,0,0,0,0,0,0,0,0,0,1,1,0,0,0,1,0,0,1,1,0,0,0,0,0,0,0,1,0,0,0,0,0,0,1,0,0,0,0,1,0,0,0,0,0,1,0,0,1,0,0,1,0
66,66,66,66,66,For Rent One Bedroom Tiffany Mansion Eisenhower Street Greenhills San Juan,"Greenhills, San Juan",Metro Manila,San Juan,Greenhills,"₱ 25,000",Monthly,1,1,44.0,Tiffany Mansion,4.91,0,0,0,1,0,0,0,0,0,0,0,0,0,0,0,0,0,0,1,0,0,1,0,0,1,0,0,0,0,0,0,0,0,0,0,1,0,0,0,0,0,0,0,0,0,0,0,0,0,0,0,0,0,0,0,0,0,0,0,0,0,0,1,1,0,0,0,0,0,0,0,0,0,0,0,0,0,0,0,0,0,0,0,0,0,0,0,0,0,0,0,0,0,0,0,1,0
67,67,67,67,67,Studio unit for rent at Chimes Greenhills,"Philippines, 1503, San Juan, Annapolis Greenhills, San Juan",Metro Manila,San Juan,Greenhills,"₱ 20,000",Monthly,1,1,25.0,Chimes Greenhills,4.91,0,0,0,0,0,1,0,0,0,0,0,0,0,0,0,0,0,0,1,0,0,1,0,0,0,0,0,0,0,0,0,0,0,0,0,1,0,0,0,0,0,0,0,0,0,0,0,0,0,0,0,0,0,0,0,0,0,0,0,0,0,0,0,1,0,0,0,0,0,0,0,0,0,0,0,0,0,0,0,0,0,0,0,0,0,0,0,0,0,0,0,0,0,0,0,1,0
68,68,68,68,68,"Studio unit for rent at The Eisenhower Condominium, Greenhills, San Juan City","# 7 Eisenhower St., Greenhills, San Juan City Greenhills, San Juan",Metro Manila,San Juan,Greenhills,"₱ 24,000",Monthly,1,1,38.81,The Eisenhower Condominium,4.91,0,0,0,0,1,0,0,0,0,0,0,0,0,0,0,0,0,0,1,0,0,1,0,0,0,0,0,0,0,0,0,0,0,0,0,1,0,0,0,0,0,0,0,1,0,0,0,0,0,0,0,0,0,0,0,1,0,0,0,0,0,0,0,1,0,0,0,0,0,0,0,0,0,0,0,0,0,0,0,0,0,0,0,0,0,0,0,0,0,0,0,0,0,0,0,0,0
69,69,69,69,69,Greenhills Office Unit For Rent (Close to Greenhills Shopping Center),"Unit 413, Sunrise Office Condominium, 226 Ortigas Ave., Greenhills, San Juan Greenhills, San Juan",Metro Manila,San Juan,Greenhills,"₱ 40,000",Monthly,1,1,74.0,Sunrise Condominium,4.91,0,0,1,0,1,0,0,0,0,1,0,0,0,0,0,0,0,0,1,0,0,1,0,0,1,0,0,0,0,0,0,0,0,0,0,0,0,0,0,0,0,0,0,0,0,0,0,0,0,0,0,0,0,0,1,0,0,0,0,0,0,0,0,0,0,0,0,0,0,0,0,0,0,0,0,0,0,0,0,0,0,0,0,0,0,0,0,1,0,0,0,0,0,0,0,0,0
70,70,70,70,70,2 Bedroom Condominium for rent in Greenhills San Juan City,"Philippines, San Juan, Greenhills Greenhills, San Juan",Metro Manila,San Juan,Greenhills,"₱ 55,000",Monthly,2,2,128.0,0,4.91,0,0,0,0,0,0,0,0,0,0,0,0,0,0,0,0,0,0,1,0,0,1,1,0,0,0,0,0,0,0,0,0,0,0,1,0,0,0,0,0,0,0,0,0,0,0,0,0,0,0,0,0,0,0,0,0,0,0,0,1,0,0,0,1,0,0,0,0,0,0,0,0,0,0,0,0,0,0,0,0,0,0,0,0,0,0,0,0,0,0,0,0,0,0,0,0,0
71,71,71,71,71,Ortigas Viridian Greenhills beautiful studio for rent,"Connecticut, San Juan, Metro Manila Greenhills, San Juan",Metro Manila,San Juan,Greenhills,"₱ 45,000",Monthly,1,1,48.0,Viridian in Greenhills,4.91,0,0,0,0,1,1,0,0,0,1,0,0,0,0,0,0,0,0,0,0,0,0,0,0,0,0,0,0,0,0,0,0,0,0,0,1,0,0,0,0,0,0,0,0,0,0,0,0,0,0,0,0,0,0,0,0,1,0,0,1,0,0,0,0,0,0,0,0,0,0,0,0,0,0,0,0,0,0,0,0,0,0,0,0,0,0,0,0,0,0,0,0,0,0,1,0,0
72,72,72,72,72,Barons Place Commercial Unit 3 for rent,"A. Mabini, Street Addition Hills, San Juan",Metro Manila,San Juan,Addition Hills,"₱ 35,000",Monthly,1,1,30.0,Barons Place,4.51,0,1,0,0,1,1,0,0,0,0,0,0,0,0,0,0,0,0,1,0,0,1,0,0,0,0,0,0,0,0,0,0,0,0,0,0,0,0,0,0,0,0,0,0,0,0,0,0,0,0,0,0,0,0,0,0,0,0,0,0,0,0,0,0,0,0,0,0,0,0,0,0,0,0,0,0,0,0,0,0,0,0,0,0,0,0,0,0,0,0,0,0,0,0,0,0,0
73,73,73,73,73,Swire Elan Studio unit for Rent,"Greenhills, San Juan",Metro Manila,San Juan,Greenhills,"₱ 25,000",Monthly,1,1,40.0,Swire Elan Suites,4.91,0,0,0,0,0,0,0,0,0,0,0,0,0,0,0,0,0,0,1,0,0,1,0,0,0,0,0,1,0,0,0,0,0,0,0,1,0,0,0,0,0,0,0,1,0,0,0,0,1,0,0,0,0,0,0,0,0,0,0,0,0,0,0,1,0,0,0,0,0,0,0,0,0,0,0,0,0,0,0,0,0,0,0,0,0,0,0,0,0,0,0,0,0,0,0,1,0
74,74,74,74,74,2 BR unit in Viridian Greenhills FOR LEASE,"Greenhills, San Juan",Metro Manila,San Juan,Greenhills,"₱ 125,000",Monthly,2,2,127.0,Viridian in Greenhills,4.91,0,0,0,0,0,0,0,1,0,0,0,0,0,0,0,0,0,0,0,0,0,1,0,0,0,0,0,0,0,0,0,0,1,0,0,0,0,1,0,0,0,0,0,0,0,0,0,0,0,0,0,0,0,0,1,1,0,0,0,0,0,0,0,1,0,0,0,0,0,0,0,1,0,0,0,0,0,0,0,0,0,0,0,0,0,0,0,1,0,0,0,0,0,0,0,0,0
75,75,75,75,75,One Wilson Square - 120 SQM Condominium - High End Location,"One Wilson Square, 35 Wilson, Greenhills, San Juan, 1500 Metro Manila Greenhills, San Juan",Metro Manila,San Juan,Greenhills,"₱ 120,000",Monthly,3,2,120.0,One Wilson Square,4.91,1,1,0,1,1,1,0,1,1,1,1,0,0,1,0,1,1,1,0,0,1,1,1,1,1,1,0,1,1,0,0,0,1,0,1,1,1,1,1,1,0,0,0,0,0,0,0,1,0,0,1,0,0,1,1,1,0,0,0,0,0,0,0,0,0,0,0,0,0,0,0,1,0,0,0,0,0,0,0,0,1,0,0,0,0,0,0,0,0,0,0,0,0,0,0,0,0
76,76,76,76,76,Brand new 2 Bedroom unit Greenhills One Wilson Square Condo for rent,"Greenhills, San Juan",Metro Manila,San Juan,Greenhills,"₱ 60,000",Monthly,2,2,61.0,One Wilson Square,4.91,1,1,0,1,1,1,0,1,0,0,1,0,1,1,0,0,0,0,1,0,1,1,1,0,1,1,0,1,1,0,0,0,0,0,0,1,0,0,1,1,0,0,0,1,0,0,0,1,0,0,0,0,0,1,1,0,0,0,0,0,0,0,1,1,0,0,0,0,0,0,0,1,0,0,0,1,0,0,0,0,1,0,0,0,0,0,0,0,0,1,0,0,0,0,0,1,0
77,77,77,77,77,3 Bedroom w/ Parking - One Wilson Square - Greenhills (21st Floor),"Wilson St. corner Ortigas Ave, Greenhills, San Juan Greenhills, San Juan",Metro Manila,San Juan,Greenhills,"₱ 70,000",Monthly,3,2,117.0,One Wilson Square,4.91,1,1,0,0,1,1,0,1,0,0,0,0,0,0,0,0,0,0,1,0,1,1,1,0,0,1,0,1,0,0,0,0,0,0,0,1,1,1,0,0,0,0,0,1,0,0,0,1,0,0,0,0,0,0,1,1,0,0,0,0,0,0,0,0,0,0,0,0,0,0,0,1,0,0,0,0,0,0,0,0,0,0,0,0,0,0,0,1,0,0,0,0,1,0,0,0,0
78,78,78,78,78,1 Bedroom Fully Furnished with Parking,"Philippines, Metro Manila, Quezon City, Annapolis Greenhills, San Juan",Metro Manila,San Juan,Greenhills,"₱ 35,000",Monthly,1,1,47.0,Swire Elan Suites,4.91,0,1,0,0,1,1,0,0,0,0,0,0,0,0,0,0,0,0,0,0,0,1,0,0,0,0,0,0,0,0,0,0,0,0,0,0,0,0,0,0,0,0,0,0,0,0,0,0,0,0,0,0,0,0,1,0,0,0,0,0,0,0,0,1,0,0,0,0,0,0,0,0,0,0,0,0,0,0,0,0,0,0,0,0,0,0,0,0,0,0,0,0,0,0,0,0,0
79,79,79,79,79,"Viridian Greenhills 2 Bedroom Large Unit for Rent near Ortigas, Xavier and ICA","Greenhills, San Juan",Metro Manila,San Juan,Greenhills,"₱ 90,000",Monthly,2,2,144.0,Viridian in Greenhills,4.91,1,1,1,0,1,0,0,1,0,1,0,0,1,1,1,0,0,0,0,0,0,0,1,0,1,1,0,1,0,0,0,0,0,0,1,1,0,1,0,0,0,0,1,1,1,1,0,1,0,1,1,0,0,0,1,1,0,1,0,1,0,0,1,1,0,0,0,0,0,0,0,1,0,1,1,1,1,1,1,0,0,0,0,0,0,1,0,1,0,0,0,0,1,1,0,1,0
80,80,80,80,80,1bedroom Unit At One Wilson Square With Parking,"ONE WILSON SQUARE Greenhills, San Juan",Metro Manila,San Juan,Greenhills,"₱ 50,000",Monthly,1,1,47.0,One Wilson Square,4.91,0,1,0,0,1,1,0,0,0,0,1,0,0,1,0,0,0,0,1,0,0,0,1,0,0,1,0,1,0,0,0,0,0,0,0,1,1,0,1,1,0,0,0,1,0,1,0,0,0,0,0,0,0,0,1,0,0,0,0,0,0,0,0,1,0,0,0,0,0,0,0,0,0,0,0,0,0,0,0,1,0,0,0,0,0,0,0,0,0,1,0,0,1,1,0,1,0
81,81,81,81,81,Viridian at Greenhills 2 Bedroom with 2 parking and balcony For Lease,"Philippines, Metro Manila, 1503, San Juan, Connecticut St Greenhills, San Juan",Metro Manila,San Juan,Greenhills,"₱ 140,000",Monthly,2,2,127.0,Viridian in Greenhills,4.91,0,1,1,0,1,1,0,1,0,0,0,0,1,1,0,0,0,1,1,0,0,1,0,0,1,0,0,1,0,0,0,0,1,0,0,1,1,0,0,0,0,0,0,1,0,0,0,1,0,1,0,0,0,0,1,1,0,0,0,1,0,0,0,1,0,0,0,1,0,0,0,1,0,0,0,0,0,0,0,0,0,0,1,0,0,0,0,0,0,0,0,0,0,0,0,1,0
82,82,82,82,82,"One Wilson Square 2 bedroom for rent at Greenhills, San Juan","Greenhills, San Juan",Metro Manila,San Juan,Greenhills,"₱ 60,000",Monthly,2,2,61.5,One Wilson Square,4.91,1,0,0,0,0,0,0,0,0,0,1,0,0,1,0,0,0,0,0,0,0,0,0,0,0,0,0,0,0,0,0,0,0,0,0,0,0,0,0,0,0,0,0,0,0,0,0,0,0,0,0,0,0,0,0,0,0,0,0,0,0,0,0,1,0,0,0,0,0,0,0,0,0,0,0,0,0,0,0,0,0,0,0,0,0,0,0,0,0,0,0,0,0,0,0,1,0
83,83,83,83,83,Fully Furnished Beautiful 1br in The Viridian Greenhills Ortigas for rent,"Greenhills, San Juan",Metro Manila,San Juan,Greenhills,"₱ 90,000",Monthly,1,1,96.0,Viridian in Greenhills,4.91,0,1,0,0,1,1,0,0,0,0,0,0,0,0,0,0,0,0,0,0,0,0,0,0,0,0,0,0,0,0,0,0,0,0,0,0,0,0,0,0,0,0,0,0,0,0,0,0,0,0,0,0,0,0,0,0,0,0,0,0,0,0,0,0,0,0,0,0,0,0,0,0,0,0,0,0,0,0,0,0,0,0,0,0,0,0,0,0,0,0,0,0,0,0,0,0,0
84,84,84,84,84,Ortigas Viridian Greenhills beautiful fully furnished studio for rent,"Connecticut, San Juan, Metro Manila Greenhills, San Juan",Metro Manila,San Juan,Greenhills,"₱ 45,000",Monthly,1,1,48.0,Viridian in Greenhills,4.91,0,0,0,0,1,1,0,0,0,1,0,0,0,0,0,0,0,0,0,0,0,0,0,0,0,0,0,0,0,0,0,0,0,0,0,1,0,0,0,0,0,0,0,0,0,0,0,0,0,0,0,0,0,0,0,0,1,0,0,1,0,0,0,0,0,0,0,0,0,0,0,0,0,0,0,0,0,0,0,0,0,0,0,0,0,0,0,0,0,0,0,0,0,0,1,0,0
85,85,85,85,85,Viridian Greenhills Studio,"Philippines, San Juan, Connecticut St Greenhills, San Juan",Metro Manila,San Juan,Greenhills,"₱ 50,000",Monthly,1,1,42.0,Viridian in Greenhills,4.91,0,1,1,0,1,1,0,0,0,1,1,0,1,1,0,0,1,0,1,0,1,1,1,0,1,1,0,1,1,0,0,0,1,0,0,1,1,0,1,1,0,0,0,1,1,1,1,1,1,0,0,0,0,0,1,1,0,1,0,0,0,0,0,0,0,1,0,0,0,0,0,0,0,0,0,0,0,0,0,0,1,0,0,0,0,0,0,0,0,0,0,0,0,1,0,1,0
86,86,86,86,86,"BGE - For Lease: 2 Bedroom Unit in Viridian in Greenhills, Greenhills, San Juan","Connecticut St, San Juan, Metro Manila Greenhills, San Juan",Metro Manila,San Juan,Greenhills,"₱ 115,000",Monthly,2,2,127.0,Viridian in Greenhills,4.91,0,0,0,0,0,0,0,1,0,0,0,0,0,0,0,0,0,0,1,0,0,0,0,0,0,0,0,0,0,0,0,0,0,0,0,1,0,1,0,0,0,0,0,0,0,0,0,0,0,0,0,0,0,0,0,0,0,0,0,1,0,0,0,1,0,0,1,1,0,0,0,1,0,0,1,0,0,0,0,0,0,0,0,1,1,0,0,0,0,1,0,0,0,0,0,1,0
87,87,87,87,87,"CBN For Lease: 3 Bedroom Unit in The Viridian in Greenhils, San Juan","Greenhills, San Juan",Metro Manila,San Juan,Greenhills,"₱ 120,000",Monthly,3,2,141.0,Viridian in Greenhills,4.91,0,0,0,0,0,0,0,1,0,1,0,0,1,0,0,0,0,0,0,0,0,0,0,1,0,0,0,0,0,0,0,0,0,0,0,0,0,1,0,0,0,0,0,0,0,0,0,0,0,0,0,0,0,0,0,0,0,0,0,0,0,0,0,1,0,0,0,1,0,0,0,1,0,0,0,0,0,0,0,0,0,0,0,1,0,0,0,0,0,0,0,0,0,0,0,1,0
88,88,88,88,88,"For Rent Studio Unit at The Viridian in Greenhills, San Juan, Metro Manila","Philippines, San Juan, Connecticut St Greenhills, San Juan",Metro Manila,San Juan,Greenhills,"₱ 45,000",Monthly,1,1,39.0,The Viridian,4.91,1,0,0,0,1,0,0,0,0,1,0,0,1,0,0,0,0,0,1,0,0,1,1,0,1,1,0,1,0,0,0,0,0,0,0,1,0,0,0,1,0,0,0,0,1,1,0,0,0,0,0,0,0,0,0,0,0,1,0,0,0,0,0,1,0,0,0,0,0,0,0,0,0,0,0,0,0,0,0,0,0,0,0,0,0,0,0,0,0,0,0,0,0,1,0,1,0
89,89,89,89,89,Wilshire Plaza Annapolis San Juan for Lease! 1 Bedroom,"Greenhills, San Juan",Metro Manila,San Juan,Greenhills,"₱ 32,000",Monthly,1,1,52.0,Annapolis Wilshire Plaza,4.91,0,0,0,0,0,0,0,0,0,0,0,0,0,0,0,0,0,0,0,0,0,0,0,0,0,0,0,0,0,0,0,0,0,0,0,0,0,0,0,0,0,0,0,0,0,0,0,0,0,0,0,0,0,0,0,0,0,0,0,0,0,0,0,0,0,0,0,0,0,0,0,0,0,0,0,0,0,1,0,0,0,0,0,0,0,0,0,0,0,0,0,0,0,0,0,0,0
90,90,90,90,90,Viridian in Greenhills for rent semi furnished 2 Bedroom with 2 parking slots,"Greenhills, San Juan",Metro Manila,San Juan,Greenhills,"₱ 130,000",Monthly,2,2,127.0,Viridian,4.91,0,1,0,0,1,1,0,1,0,0,0,0,1,0,1,0,1,0,1,0,0,1,1,0,1,0,0,1,1,0,1,0,0,0,0,1,1,1,1,1,0,1,1,1,1,1,0,1,1,0,0,0,1,0,1,1,0,1,0,0,0,0,0,1,0,0,1,1,0,0,0,1,0,1,0,0,0,0,0,0,1,0,0,0,0,0,0,1,0,0,0,0,1,1,1,1,0
91,91,91,91,91,"1 BR with Balcony for Rent in Baron Tower Residences, San Juan City","Wilson St., San Juan City, Metro Manila Addition Hills, San Juan",Metro Manila,San Juan,Addition Hills,"₱ 38,000",Monthly,1,1,46.01,Baron Tower Residences,4.51,0,0,0,0,0,1,0,0,0,0,0,0,0,0,0,0,0,0,1,0,0,1,0,0,0,0,0,0,0,0,0,0,0,0,0,1,0,0,0,0,0,0,0,0,0,0,0,0,0,0,0,0,0,0,0,0,0,0,0,0,0,0,0,1,0,0,0,0,0,0,0,0,0,0,0,0,0,0,0,0,0,0,0,0,0,0,0,0,0,0,0,0,0,0,0,1,0
92,92,92,92,92,"For Lease Residential condominium LPL Tower Eisenhower St, Greenhills, San Juan","Greenhills, San Juan",Metro Manila,San Juan,Greenhills,"₱ 40,000",Monthly,1,1,50.0,LPL Greenhills Condominium,4.91,0,1,0,0,1,1,0,0,0,0,0,0,0,0,0,0,0,0,1,0,0,1,0,0,0,0,0,0,0,0,0,0,0,0,0,1,0,0,0,0,0,0,0,1,0,0,0,0,0,0,0,0,0,0,1,1,0,0,0,0,0,0,0,1,0,0,0,0,0,0,0,0,0,0,0,0,0,0,0,0,0,0,0,0,0,0,0,0,0,0,0,0,0,0,0,0,0
93,93,93,93,93,"Fully Furnished 1BR Viridian Unit for Rent at Greenhills, San Juan","Greenhills, San Juan",Metro Manila,San Juan,Greenhills,"₱ 120,000",Monthly,1,1,74.0,Viridian in Greenhills,4.91,1,1,1,0,1,1,1,1,0,1,1,1,1,0,0,0,0,0,1,0,0,1,0,1,1,1,1,1,1,1,1,0,1,1,1,1,1,0,1,1,0,0,0,1,0,1,1,1,0,0,0,0,1,1,1,1,1,0,0,0,0,0,1,1,0,0,0,0,1,0,0,1,0,0,0,0,0,0,1,0,1,1,1,1,1,1,1,1,1,0,0,0,1,1,1,1,0
94,94,94,94,94,"Three Bedroom Condo Unit for Rent in Connecticut St, San Juan, Metro Manila","Greenhills, San Juan",Metro Manila,San Juan,Greenhills,"₱ 140,000",Monthly,3,3,127.0,Viridian in Greenhills,4.91,0,0,0,0,0,1,0,0,0,0,0,0,0,0,0,0,0,0,1,0,0,1,0,0,0,0,0,0,0,0,0,0,0,0,0,1,0,0,0,0,0,0,0,0,0,0,0,0,0,0,0,0,0,0,0,0,0,0,0,0,0,0,0,1,0,0,0,0,0,0,0,0,0,0,0,0,0,0,0,0,0,0,0,0,0,0,0,0,0,0,0,0,0,0,0,1,0
95,95,95,95,95,Studio with Balcony for rent in Viridian,"Greenhills, San Juan",Metro Manila,San Juan,Greenhills,"₱ 48,000",Monthly,1,1,48.0,Viridian in Greenhills,4.91,0,0,0,0,0,0,0,0,0,1,0,0,0,1,0,0,0,0,0,0,0,0,0,0,0,0,0,1,0,0,0,0,0,0,0,1,0,0,0,0,0,0,0,0,0,0,0,0,0,0,0,0,0,0,0,0,0,0,0,0,0,0,0,1,0,0,0,1,0,0,0,0,0,0,0,0,0,0,0,0,0,0,0,1,0,0,0,0,0,0,0,0,0,0,0,0,0
96,96,96,96,96,2 bedroom 2 bath semi-furnished unit with 1 parking slot in One Wilson Square,"Wilson St corner Ortigas Avenue Greenhills, San Juan",Metro Manila,San Juan,Greenhills,"₱ 60,000",Monthly,2,2,61.5,One Wilson Square,4.91,0,0,0,0,1,0,0,1,0,0,0,0,0,0,0,0,1,0,0,0,0,1,0,0,1,1,0,1,0,0,0,0,0,0,0,1,1,0,0,1,0,0,0,1,0,1,0,1,0,0,0,0,0,0,1,0,0,0,0,0,1,0,1,1,0,1,0,0,0,0,0,1,0,0,1,0,0,0,0,1,0,0,1,0,0,0,0,1,0,0,0,0,0,1,0,1,0
97,97,97,97,97,Brand New 2 bedroom corner unit in Greenhills for lease,"Greenhills, San Juan",Metro Manila,San Juan,Greenhills,"₱ 50,000",Monthly,2,2,62.0,One Wilson Square,4.91,0,0,0,0,0,1,0,0,0,0,0,0,0,0,0,0,0,0,0,0,0,1,0,0,0,0,0,0,0,0,0,0,0,0,0,0,0,0,0,0,0,0,0,0,0,0,0,0,0,0,0,0,0,0,0,0,0,0,0,0,0,0,0,1,0,0,0,0,0,0,0,0,0,0,0,0,0,0,0,0,0,0,0,0,0,0,0,0,0,0,0,0,0,0,0,0,0
98,98,98,98,98,Furnished Studio in Viridian with Parking,"The Viridian at Greenhills Greenhills, San Juan",Metro Manila,San Juan,Greenhills,"₱ 45,000",Monthly,1,1,45.0,The Viridian in Greenhills,4.91,1,1,0,0,1,1,0,0,0,1,0,0,1,1,0,0,1,0,1,0,0,1,1,0,1,1,0,1,0,0,0,0,0,0,0,1,0,0,0,0,0,0,0,0,1,0,0,0,0,0,0,0,0,0,0,0,0,1,0,1,1,0,1,1,0,0,0,0,0,0,0,0,0,0,0,0,0,0,0,0,0,0,0,0,0,0,0,0,0,0,0,0,0,0,0,0,0
99,99,99,99,99,"2 BR Condo Unit for lease at Viridian, Greenhills","Greenhills, San Juan",Metro Manila,San Juan,Greenhills,"₱ 145,000",Monthly,2,2,144.0,Viridian in Greenhills,4.91,0,1,0,0,0,1,0,0,0,0,0,0,0,0,0,0,0,0,1,0,0,1,0,0,0,0,0,0,0,0,0,0,0,0,0,0,0,0,0,0,0,0,0,0,0,0,0,0,0,0,0,0,0,0,1,0,0,0,0,0,0,0,0,1,0,0,0,0,0,0,0,0,0,0,0,0,0,0,0,0,0,0,0,0,0,0,0,0,0,0,0,0,0,0,0,0,0
100,100,100,100,100,3 Bedrooms Goldland Tower For Rent,"Greenhills, San Juan",Metro Manila,San Juan,Greenhills,"₱ 50,000",Monthly,3,3,174.0,Goldland Tower,4.91,0,0,0,0,0,0,0,0,0,0,0,0,0,0,0,0,0,0,0,0,0,0,0,0,0,0,0,0,0,0,0,0,0,0,0,0,0,0,0,0,0,0,0,0,0,0,0,0,0,0,0,0,0,0,0,0,0,0,0,0,0,0,0,0,0,0,0,0,0,0,0,0,0,0,0,0,0,0,0,0,0,0,0,0,0,0,0,1,0,0,0,0,0,0,0,0,0
101,101,101,101,101,Brand New 2 Bedroom for Lease | Wilson San Juan,"Greenhills, San Juan",Metro Manila,San Juan,Greenhills,"₱ 60,000",Monthly,2,2,102.0,One86 Wilson,4.91,0,1,0,0,0,0,0,0,0,1,0,0,0,0,0,0,0,0,1,0,0,1,0,0,0,0,0,0,0,0,0,0,0,0,0,1,0,0,0,0,0,0,0,0,0,0,0,0,0,0,0,0,0,0,0,0,0,0,0,0,0,0,1,1,0,0,0,0,0,0,0,0,0,0,0,0,0,0,0,0,0,0,0,0,0,0,0,0,0,0,0,0,0,0,0,1,0
102,102,102,102,102,"Modern 2 Bedroom Condo for Rent in Avalon Condominium, Cebu City","Greenhills, San Juan",Metro Manila,San Juan,Greenhills,"₱ 80,000",Monthly,2,3,90.0,Avalon Condominium,4.91,0,0,0,0,1,0,0,0,0,0,0,0,0,0,0,0,0,0,1,0,0,1,0,0,0,0,0,0,0,0,0,0,0,0,0,1,0,0,0,0,0,0,0,1,0,0,0,0,0,0,0,0,0,0,1,1,0,0,0,0,0,0,0,1,0,0,0,0,0,0,0,0,0,1,0,0,0,0,0,0,0,0,0,0,0,0,0,0,0,0,0,0,0,0,0,1,0
103,103,103,103,103,1 Bedroom Residential/Commercial Use Platinum 2000 Annapolis Greenhills For Rent,"7 Annapolis, San Juan City Greenhills, San Juan",Metro Manila,San Juan,Greenhills,"₱ 30,000",Monthly,1,2,77.0,Platinum 2000,4.91,0,1,0,0,0,1,0,0,0,0,0,0,0,0,0,0,0,0,1,0,0,1,0,0,0,0,0,0,0,0,0,0,0,0,0,1,0,0,0,0,0,0,0,0,0,0,0,0,0,0,0,0,0,0,1,1,0,0,0,0,0,0,0,1,0,0,0,0,0,0,0,0,0,0,0,0,0,0,0,0,0,0,0,0,0,0,0,1,0,0,0,0,0,0,0,0,0
104,104,104,104,104,"Brandnew 2BR condo unit for rent at ONE WILSON SQUARE, Greenhills San Juan City","Greenhills, San Juan",Metro Manila,San Juan,Greenhills,"₱ 45,000",Monthly,2,2,75.0,One Wilson Square,4.91,0,0,0,0,1,0,0,1,0,0,0,0,0,0,0,0,0,0,0,0,0,0,0,0,0,0,0,0,0,0,0,0,0,0,0,0,0,1,0,0,0,0,0,0,0,0,0,0,0,0,0,0,0,0,0,0,0,0,0,0,0,0,0,1,0,0,0,0,0,0,0,1,0,0,0,0,0,0,0,0,0,0,0,0,0,0,0,1,0,0,0,0,0,0,0,0,0
105,105,105,105,105,"Brandnew 2BR Condo unit at one Wilson Square, Greenhills San Juan","Greenhills, San Juan",Metro Manila,San Juan,Greenhills,"₱ 45,000",Monthly,2,2,75.0,One Wilson Square,4.91,0,0,0,0,0,1,0,0,0,0,0,0,0,0,0,0,0,0,1,0,0,1,0,0,0,0,0,0,0,0,0,0,0,0,0,1,0,0,0,0,0,0,0,0,0,0,0,0,0,0,0,0,0,0,0,0,0,0,0,0,0,0,0,1,0,0,0,0,0,0,0,0,0,0,0,0,0,0,0,0,0,0,0,0,0,0,0,0,0,0,0,0,0,0,0,1,0
106,106,106,106,106,"1 bedroom Condominium for rent in Greenhills, San Juan","Greenhills, San Juan",Metro Manila,San Juan,Greenhills,"₱ 35,000",Monthly,1,1,47.0,0,4.91,0,0,0,0,0,0,0,0,0,0,0,0,0,0,0,0,0,0,1,0,0,0,0,0,0,0,0,1,0,0,0,0,0,1,0,1,0,0,0,0,0,0,0,0,0,0,0,0,0,0,0,0,0,0,0,0,0,0,0,0,0,0,0,1,0,0,0,0,0,0,0,0,0,0,0,0,0,0,0,0,0,1,0,0,0,0,0,0,0,0,0,0,0,0,0,1,0
107,107,107,107,107,"1 bedroom Condominium for Rent in Greenhills, San Juan","Greenhills, San Juan",Metro Manila,San Juan,Greenhills,"₱ 35,000",Monthly,1,1,47.0,0,4.91,0,0,0,0,0,0,0,0,0,0,0,0,0,0,0,0,0,0,0,0,0,0,0,0,0,0,0,0,0,0,0,0,0,0,0,1,0,0,0,0,0,0,0,0,0,0,0,0,0,0,0,0,0,0,0,0,0,0,0,0,0,0,0,1,0,0,0,0,0,0,0,0,0,0,0,0,0,0,0,0,0,0,0,0,0,0,0,0,0,0,0,0,0,0,0,0,0
108,108,108,108,108,"Furnished 2BR Unit for Rent in Fortune Hill, Addition Hills, San Juan City","A. Luna Addition Hills, San Juan",Metro Manila,San Juan,Addition Hills,"₱ 80,000",,2,2,110.0,Fortune Hill,4.51,0,1,0,0,0,0,0,1,0,0,0,0,0,0,0,0,0,0,1,0,0,1,1,0,0,0,0,0,0,0,0,0,0,0,0,1,0,0,0,0,0,0,0,1,0,0,0,0,0,0,0,0,0,0,1,1,0,0,0,0,0,0,0,1,0,0,0,0,0,0,0,1,0,0,0,0,0,0,1,0,0,0,0,0,0,0,0,0,0,0,0,0,1,0,0,1,0
109,109,109,109,109,1 Bedroom Unit Fully Furnished in Swire Elan Suite Condominium for rent,"49 Annapolis Street, Greenhills, San Juan City Greenhills, San Juan",Metro Manila,San Juan,Greenhills,"₱ 25,000",Monthly,1,1,43.0,Swire Elan Suite Condominium,4.91,0,1,0,0,1,0,0,0,0,0,0,0,1,0,0,0,0,0,1,0,0,1,0,0,0,0,0,1,0,0,0,0,0,1,0,1,0,0,0,0,0,0,0,0,0,1,0,1,0,0,0,0,0,0,0,1,0,0,0,0,0,0,0,1,0,0,0,1,0,0,0,0,0,0,0,0,0,0,0,0,0,1,0,0,0,0,0,0,0,0,0,0,0,1,0,1,0
110,110,110,110,110,"For Lease 2-Bedroom Condominium Unit in Eisenhower Condominium, San Juan City","Greenhills, San Juan",Metro Manila,San Juan,Greenhills,"₱ 45,000",Monthly,2,1,75.0,The Eisenhower Condominium,4.91,0,0,0,0,0,1,0,0,0,0,0,0,0,0,0,0,0,0,1,0,0,1,0,0,0,0,0,0,0,0,0,0,0,0,0,1,0,1,0,0,0,0,0,0,0,0,0,0,0,0,0,0,0,0,0,0,0,0,0,0,0,0,0,1,0,0,0,0,0,0,0,0,0,0,0,0,0,0,0,0,0,0,0,0,0,0,0,1,0,0,0,0,1,0,0,0,0
111,111,111,111,111,Studio Unit at Chimes Greenhills for Rent,"Annapolis St Greenhills, San Juan",Metro Manila,San Juan,Greenhills,"₱ 20,000",Monthly,1,1,23.0,Chimes Greenhills,4.91,1,0,0,0,0,0,0,0,0,0,0,0,0,0,0,0,0,0,0,0,0,0,1,0,1,1,0,1,0,0,0,0,0,0,0,1,1,0,0,1,0,0,0,0,0,0,1,0,0,0,0,1,0,0,0,0,0,0,0,0,0,0,0,1,0,0,0,0,0,0,0,0,0,0,0,0,0,0,0,0,0,0,0,0,0,0,0,0,0,1,0,0,0,0,0,1,0
112,112,112,112,112,"For Lease Newly Renovated Condo Unit in The Eisenhower Condominium, San Juan","Greenhills, San Juan",Metro Manila,San Juan,Greenhills,"₱ 120,000",Monthly,3,3,244.0,The Eisenhower Condominium,4.91,0,0,0,0,0,0,0,1,0,0,0,0,0,0,0,0,0,0,1,0,0,0,0,0,0,0,0,1,0,0,0,0,0,0,0,1,0,1,0,0,0,0,0,1,0,0,0,0,0,0,0,0,0,0,0,0,0,0,0,1,0,0,0,1,1,0,0,0,0,0,0,1,0,0,0,0,0,0,0,0,0,0,0,0,0,0,0,1,0,0,0,0,1,0,0,1,0
113,113,113,113,113,For Lease Studio Unit with Parking |One86 Wilson Condominium San Juan City,"Maytunas, San Juan",Metro Manila,San Juan,Maytunas,"₱ 30,000",Monthly,1,1,47.0,One86 Wilson,4.91,0,1,0,0,0,0,0,0,0,1,0,0,0,0,0,0,0,0,1,0,0,1,0,0,0,0,0,0,0,0,0,0,0,0,0,1,0,0,0,0,0,0,0,1,0,0,0,0,0,0,0,0,0,0,1,0,0,0,0,0,0,0,0,1,0,0,0,0,0,0,0,0,0,0,0,0,0,0,0,0,0,0,0,0,0,0,0,0,0,0,0,0,1,0,0,0,0
114,114,114,114,114,"Furnished 2 Bedroom Condo for Rent in Avalon Condominium, Cebu City","Greenhills, San Juan",Metro Manila,San Juan,Greenhills,"₱ 70,000",Monthly,2,3,89.0,Avalon Condominium,4.91,0,0,0,0,1,0,0,0,0,0,0,0,0,0,0,0,0,0,1,0,0,1,0,0,0,0,0,0,0,0,0,0,0,0,0,1,0,0,0,0,0,0,0,1,0,0,0,0,0,0,0,0,0,0,1,1,0,0,0,0,0,0,0,1,0,0,0,0,0,0,0,0,0,1,0,0,0,0,0,0,0,0,0,0,0,0,0,0,0,0,0,0,0,0,0,1,0
115,115,115,115,115,For Rent 3 bedroom condo beside Greenhills Shopping Center,"Greenhills, San Juan",Metro Manila,San Juan,Greenhills,"₱ 45,000",Monthly,3,2,100.0,Eisenhower Tower,4.91,0,0,1,0,1,0,0,0,1,1,0,0,1,0,0,0,0,0,1,0,0,0,0,0,0,0,0,0,0,0,0,0,1,0,0,1,0,0,0,0,0,0,0,0,0,0,0,0,0,0,0,0,0,0,1,1,0,0,0,1,0,0,1,1,0,0,0,0,0,0,0,0,0,1,0,0,0,0,0,0,0,0,0,1,0,0,0,0,0,0,0,0,0,0,0,1,0
116,116,116,116,116,For rent 2 Bedroom Unit in Viridian in Greenhills at San Juan,"Greenhills, San Juan",Metro Manila,San Juan,Greenhills,"₱ 100,000",,2,2,127.0,Viridian in Greenhills,4.91,0,1,0,0,0,0,0,1,0,0,0,0,0,0,0,0,0,0,1,0,0,1,1,0,1,0,0,0,0,0,0,0,0,0,0,1,0,0,0,0,0,0,0,1,0,0,0,0,0,0,0,0,0,0,1,1,0,0,0,1,0,0,0,1,0,0,0,0,0,0,0,1,0,0,1,0,0,0,1,0,0,0,1,1,0,0,0,0,0,1,0,0,0,0,0,1,0
117,117,117,117,117,"81 Xavier Fully Furnished 2bedroom Unit for Rent in North Greenhills, San Juan","81 Xavier St, Greenhills, San Juan Greenhills, San Juan Greenhills, San Juan",Metro Manila,San Juan,Greenhills,"₱ 50,000",Monthly,2,2,87.0,81 Xavier Unit Residences,4.91,0,1,0,0,0,0,0,0,0,1,0,0,0,0,1,0,0,1,1,0,0,1,0,0,0,0,0,0,0,0,0,0,1,0,0,1,0,0,0,0,0,0,0,1,0,0,0,0,0,0,0,0,0,0,1,0,0,0,0,0,0,0,0,1,0,0,0,0,0,0,0,0,0,0,0,1,0,1,1,0,0,0,0,0,0,0,0,0,0,0,0,0,1,0,0,1,0
118,118,118,118,118,"1BR Condominium unit for rent at Baron 2 Residences, San Juan City","Greenhills, San Juan",Metro Manila,San Juan,Greenhills,"₱ 38,000",Monthly,1,1,76.0,Baron 2 Residences,4.91,0,0,0,0,0,1,0,0,0,0,0,0,0,0,0,0,0,0,1,0,0,1,0,0,0,0,0,0,0,0,0,0,0,0,0,1,0,0,0,0,0,0,0,0,0,0,0,0,0,0,0,0,0,0,0,0,0,0,0,0,0,0,0,1,0,0,0,0,0,0,0,0,0,0,0,0,0,0,0,0,0,0,0,0,0,0,0,0,0,0,0,0,0,0,0,1,0
119,119,119,119,119,"1 Bedroom Condo Unit for rent at Baron 2 Residences, San Juan City","Greenhills, San Juan",Metro Manila,San Juan,Greenhills,"₱ 38,000",Monthly,1,1,76.0,Baron 2 Residences,4.91,0,0,0,0,0,1,0,0,0,0,0,0,0,0,0,0,0,0,1,0,0,1,0,0,0,0,0,0,0,0,0,0,0,0,0,1,0,0,0,0,0,0,0,0,0,0,0,0,0,0,0,0,0,0,0,0,0,0,0,0,0,0,0,1,0,0,0,0,0,0,0,0,0,0,0,0,0,0,0,0,0,0,0,0,0,0,0,0,0,0,0,0,0,0,0,1,0
120,120,120,120,120,2 Bedroom Greenhills San Juan Condo with Balcony for rent,"Eisenhower Street Greenhills, San Juan",Metro Manila,San Juan,Greenhills,"₱ 14,000",Monthly,2,1,39.0,Tiffany Mansion,4.91,0,1,0,0,0,1,0,1,0,0,0,1,0,0,0,0,0,0,1,0,0,0,0,0,0,0,0,0,0,0,0,0,0,0,0,1,0,0,0,0,0,0,0,0,0,0,0,0,0,0,0,0,0,0,1,1,0,0,0,0,0,0,0,1,0,0,0,1,0,0,0,1,0,0,0,0,0,0,0,0,0,0,0,0,0,0,0,0,0,0,0,0,0,0,0,0,0
121,121,121,121,121,Studio with Parking For Rent in Chimes Greenhills San Juan,"13 Annapolis St., Greenhills, San Juan",Metro Manila,San Juan,Greenhills,"₱ 23,000",Monthly,1,1,25.0,Chimes Greenhills,4.91,1,1,0,1,0,0,0,0,0,0,1,0,0,0,0,0,0,0,0,0,0,0,1,0,1,1,0,1,0,0,0,0,0,0,0,1,0,0,0,0,0,0,0,1,0,0,1,0,0,0,1,1,0,1,0,0,0,0,0,0,0,0,0,1,1,0,0,0,0,0,0,0,0,0,0,0,0,0,0,0,0,0,0,0,0,0,0,1,0,0,0,0,0,0,0,0,0
122,122,122,122,122,For Rent Three 3 Bedrooms The Viridian Connecticut Street Greenhills San Juan,"Connecticut st Greenhills, San Juan",Metro Manila,San Juan,Greenhills,"₱ 85,000",Monthly,3,3,143.0,Viridian in Greenhills,4.91,0,0,0,1,0,0,0,0,0,1,0,0,0,0,0,0,0,0,1,0,0,1,0,0,0,0,0,0,0,0,0,0,0,0,0,1,0,0,0,0,0,0,0,0,0,0,0,0,0,0,0,0,0,0,0,0,0,0,0,0,0,0,1,1,0,0,0,0,0,0,0,0,0,0,0,0,0,0,0,0,0,0,0,0,0,0,0,0,0,0,0,0,0,0,0,1,0
123,123,123,123,123,Spacious 1 Bedroom w/ maid's room and parking for Lease | San Juan City,"Greenhills, San Juan",Metro Manila,San Juan,Greenhills,"₱ 35,000",Monthly,1,1,88.0,0,4.91,0,0,0,0,0,0,0,0,0,0,0,0,0,0,0,0,0,0,0,0,0,0,0,0,0,0,0,0,0,0,0,0,0,0,0,1,0,0,0,0,0,0,0,0,0,0,0,0,0,0,0,0,0,0,0,0,0,0,0,0,0,0,0,1,0,0,0,0,0,0,0,0,0,0,0,0,0,0,0,0,0,0,0,0,0,0,0,0,0,0,0,0,0,0,0,0,0
124,124,124,124,124,Greenhills Condo - One Bedroom Swire Elan Suite,"Annapolis Steet Greenhills, San Juan",Metro Manila,San Juan,Greenhills,"₱ 20,000",Monthly,1,1,30.0,Greenhills Elan Suites,4.91,1,1,0,0,1,1,0,0,0,1,0,0,0,1,1,0,0,0,1,1,0,1,1,0,1,0,0,1,0,0,0,0,0,1,0,1,0,0,0,0,0,0,0,1,0,1,0,0,0,0,0,0,0,0,0,0,0,0,0,0,0,0,0,1,0,0,1,0,0,0,0,0,0,0,0,0,0,0,0,0,0,1,0,0,0,0,0,0,0,0,0,0,0,1,0,1,0
125,125,125,125,125,"2 Bedroom unit at One Spatial, Sitio Ligaya, Dela Paz, Pasig City","located along Amang Rodriguez St., Sitio Ligaya, Brgy Dela Paz, Pasig City Dela Paz, Pasig",Metro Manila,Pasig,Dela Paz,"₱ 18,000",Monthly,2,1,32.0,One Spatial Pasig,3.14,0,0,0,0,0,0,0,0,0,0,0,0,0,0,0,0,0,0,1,0,0,1,0,0,1,0,0,1,0,0,0,0,0,0,0,0,0,0,0,0,0,0,0,0,0,0,0,0,0,0,0,0,0,0,0,1,1,0,0,0,0,0,1,0,0,0,0,0,0,0,0,0,1,0,0,0,0,0,0,0,0,0,0,1,0,0,0,0,0,0,0,0,0,0,0,1,0
126,126,126,126,126,Rush! Bare/Semi-Furnished Mid-Rise 2 BR Condo Unit for Rent,"Dela Paz, Pasig",Metro Manila,Pasig,Dela Paz,"₱ 15,000",Monthly,2,1,33.0,One Spatial Pasig,3.14,0,0,0,1,1,0,0,0,0,0,0,0,0,0,0,0,1,1,1,0,0,1,0,0,1,0,0,1,0,0,0,0,0,0,0,0,0,0,0,0,0,0,0,0,0,0,0,0,0,0,0,0,0,0,0,0,1,0,0,0,0,0,0,1,1,0,0,0,0,0,0,0,0,0,1,0,0,0,1,0,0,0,0,1,0,0,0,0,0,0,0,0,0,0,0,0,0
127,127,127,127,127,1BR Condo for rent in Tropicana Garden City,"Santo Niño, Marikina",Metro Manila,Marikina,Santo Niño,"₱ 13,000",Monthly,1,1,27.0,Tropicana Garden City,4.5,1,1,0,0,1,0,0,0,0,0,0,0,0,0,0,0,0,0,1,0,0,1,1,0,1,0,0,1,0,0,0,0,0,0,0,1,0,0,0,0,0,0,0,0,0,0,0,1,0,0,0,0,0,0,1,1,0,0,0,1,0,0,1,1,0,0,0,0,0,0,0,0,1,0,0,0,0,0,0,0,0,0,0,0,0,0,0,1,0,0,0,0,0,0,0,1,0
128,128,128,128,128,Studio Condo Unit For Rent in Marikina Tropicana Garden - Marquinton,"Brgy Sto. Nino Sumulong Ave., Marikina City Santo Niño, Marikina",Metro Manila,Marikina,Santo Niño,"₱ 8,000",Monthly,1,1,28.0,Tropicana Garden,4.5,1,1,1,1,1,1,0,0,0,0,1,0,0,0,0,0,0,0,1,0,1,1,0,0,1,1,0,1,0,0,0,0,0,0,0,1,1,0,0,0,1,0,1,1,0,1,1,1,0,0,0,0,0,0,1,1,0,0,0,1,0,0,1,1,0,0,0,0,0,0,0,0,1,0,1,0,0,0,1,0,0,0,1,1,0,1,0,1,1,1,0,0,1,1,0,1,0
129,129,129,129,129,For Rent 1 Bedroom Fully Furnished Condo in Marikina,"Sumulong Ave. Brgy Sto Nino Marikina City Santo Niño, Marikina",Metro Manila,Marikina,Santo Niño,"₱ 15,000",Monthly,1,1,28.0,Marquinton Residences,4.5,1,1,1,0,0,0,0,0,0,0,1,0,0,0,0,0,0,1,1,0,0,1,0,0,1,1,0,0,0,0,0,0,0,0,0,0,0,0,0,0,0,0,0,0,0,1,0,1,0,0,1,0,0,0,1,1,0,0,0,0,0,0,1,1,0,0,0,0,1,0,0,0,1,0,0,0,0,1,1,0,0,0,1,1,0,1,0,1,0,0,0,0,0,1,0,1,0
130,130,130,130,130,"1BR Condo Unit For Rent in Tropicana Garden City, Marikina City","Santo Niño, Marikina",Metro Manila,Marikina,Santo Niño,"₱ 15,000",,1,1,25.0,Marquinton Residences,4.5,0,0,0,0,0,1,0,0,0,0,0,0,0,0,0,0,0,0,1,0,0,1,0,0,0,0,0,0,0,0,0,0,0,0,0,1,0,0,0,0,0,0,0,1,0,0,0,1,0,0,0,0,0,0,1,1,0,0,0,0,0,0,0,1,0,0,0,0,0,0,0,0,0,0,0,0,1,0,0,0,0,0,0,0,0,0,0,0,0,0,0,0,1,0,0,1,0
131,131,131,131,131,"1-BR Condo Unit, High Floor with Panoramic View for Rent in Cordova Tower","Santo Niño, Marikina",Metro Manila,Marikina,Santo Niño,"₱ 12,000",Monthly,1,1,22.0,Marquinton Residences,4.5,0,0,0,0,1,0,0,0,0,0,0,0,0,0,0,0,0,0,1,0,0,1,0,0,0,0,0,0,0,0,0,0,0,0,0,1,0,0,0,0,0,0,0,1,0,0,0,0,0,0,0,0,0,0,0,1,0,0,0,0,0,0,1,1,0,0,0,0,0,0,0,0,0,0,0,0,0,0,0,0,0,0,0,0,0,0,0,0,0,0,0,0,0,0,0,1,0
132,132,132,132,132,"1 Bedroom Condo Unit For Rent in Marikina, Tropicana - Marquinton","Sumulong ave. Sto nino Marikina City Santo Niño, Marikina",Metro Manila,Marikina,Santo Niño,"₱ 10,000",Monthly,1,1,28.0,Tropicana Garden City,4.5,1,1,1,1,0,0,0,0,0,0,0,0,0,0,0,0,0,1,1,0,0,0,0,0,1,0,0,1,0,0,0,0,0,0,0,0,0,0,0,0,0,0,0,0,0,0,0,0,0,0,1,0,0,0,1,1,0,0,1,1,0,0,0,1,1,0,0,0,0,0,0,0,1,1,0,0,0,0,0,0,0,0,0,1,0,0,0,0,0,0,0,0,1,0,0,1,1
133,133,133,133,133,2 Bedroom with view of Metro East,"Philippines, Marikina, Santo Niño, Sumulong National Rd Santo Niño, Marikina",Metro Manila,Marikina,Santo Niño,"₱ 18,000",Monthly,2,1,46.0,Tropicana Garden City,4.5,0,0,0,0,1,0,0,0,0,0,0,0,0,0,0,0,0,0,1,0,0,1,0,0,1,0,0,0,0,0,0,0,0,0,0,1,0,0,0,1,0,0,0,0,0,0,0,1,0,0,0,0,0,1,0,1,0,0,0,1,0,0,0,1,1,0,0,0,1,0,0,0,1,0,0,0,1,0,1,0,0,0,1,1,0,1,0,1,0,0,1,0,1,0,1,1,0
134,134,134,134,134,1 BR Unit at Cordova Tower in Marikina City for rent,"Santo Niño, Marikina",Metro Manila,Marikina,Santo Niño,"₱ 12,000",Monthly,1,1,22.1,Marquinton Resdiences,4.5,0,0,0,0,1,0,0,0,0,0,0,0,0,0,0,0,1,1,0,0,0,1,0,0,0,0,0,1,0,0,0,0,0,0,0,1,0,0,0,0,0,0,0,0,0,0,0,0,0,0,0,0,0,1,0,0,0,0,0,0,0,0,0,1,0,1,0,0,0,0,0,0,0,0,0,0,0,0,0,0,0,0,0,0,0,0,0,0,0,0,0,0,0,0,0,1,0
135,135,135,135,135,For rent 2 bedroom condo unit with appliances,"Valderama Tower Tropicana Garden Sumulong Highway Santo Niño, Marikina",Metro Manila,Marikina,Santo Niño,"₱ 20,000",Monthly,2,1,42.0,Tropicana Garden City,4.5,0,0,0,0,0,0,0,0,0,0,0,0,0,0,0,0,0,0,0,0,0,0,0,0,0,0,0,0,0,0,0,0,0,0,0,0,0,0,0,0,0,0,0,0,0,0,0,0,0,0,0,0,0,0,0,0,0,0,0,0,0,0,0,1,0,0,0,0,0,0,0,0,1,0,0,0,0,0,0,0,0,0,0,0,0,0,0,0,0,0,0,0,0,0,1,1,0
136,136,136,136,136,"Rush 3 bedrooms condo for Rent at Marquinton Residences, Santo Niño, Marikina","Philippines, Marikina, Santo Niño, Cirma St Santo Niño, Marikina",Metro Manila,Marikina,Santo Niño,"₱ 30,000",Monthly,3,2,67.0,Marquinton Residences,4.5,1,1,1,0,1,1,0,1,1,1,1,1,1,1,1,1,1,1,1,0,1,1,1,1,1,1,1,1,1,1,0,0,0,0,1,1,1,1,1,1,0,0,0,1,0,1,0,1,0,0,0,1,1,0,1,1,0,0,0,1,0,0,1,1,1,1,1,1,0,0,1,1,1,1,0,0,0,1,1,0,1,0,1,0,0,1,0,1,1,1,1,1,1,1,1,1,0
137,137,137,137,137,2 Bedroom Fully Furnished Unit For Rent Condo in Marikina Marquinton / Tropicana,"Sumulong Ave. Brgy Sto Nino Marikina City Santo Niño, Marikina",Metro Manila,Marikina,Santo Niño,"₱ 25,000",Monthly,2,1,45.0,Marquinton Residences,4.5,1,1,0,1,0,0,0,0,0,1,0,0,0,0,0,0,0,1,1,0,0,1,0,0,1,1,0,0,0,0,0,0,0,0,0,0,0,0,0,0,0,0,0,0,0,1,0,1,0,0,1,0,0,0,1,1,0,0,1,0,0,0,1,1,0,0,0,0,0,0,0,0,1,0,0,0,0,0,0,0,0,0,0,0,0,1,0,1,0,1,0,0,1,1,0,1,0
138,138,138,138,138,"1 Bedroom - Studio For Rent Fully Furnished Condo in Tropicana Garden, Marikina","Sumulong Ave Brgy Sto Nino Marikina City Santo Niño, Marikina",Metro Manila,Marikina,Santo Niño,"₱ 12,000",Monthly,1,1,18.0,Tropicana Garden City,4.5,1,0,0,0,0,0,0,0,0,1,1,0,0,0,0,0,0,0,1,0,0,1,0,0,1,1,0,0,0,0,0,0,0,0,1,1,1,0,1,0,0,0,0,0,0,0,0,1,0,0,0,0,0,0,1,1,0,0,0,1,0,0,0,1,0,0,0,0,0,0,0,0,1,0,0,0,0,1,1,0,0,0,0,0,0,1,0,1,0,1,0,0,1,0,0,1,0
139,139,139,139,139,2BR Condo For Rent in Marquinton Residences in Marikina City,"Santo Niño, Marikina",Metro Manila,Marikina,Santo Niño,"₱ 25,000",Monthly,2,1,45.0,Marquinton Residences,4.5,0,0,0,0,0,1,0,0,0,0,0,0,0,0,0,0,0,0,1,0,0,0,0,0,0,0,0,0,0,0,0,0,0,0,0,1,0,0,0,0,0,0,0,1,0,0,0,0,0,1,0,0,0,0,1,1,0,0,0,1,0,0,0,1,0,0,0,0,0,0,0,0,0,0,0,0,0,0,0,0,0,0,0,1,0,0,0,0,0,0,0,0,0,0,0,1,0
